Workbook

Sheet Источники
A1: Реестр официальных источников по муниципалитетам Республики Коми
A2: Сначала найдите источник и подтвердите его официальность. Приоритет — сайты и публичные каналы муниципалитетов. Старые строки не удалять. Столбец «Автопроверка» не редактировать.
A3: Обязательное
A5: Сборщик | B5: Дата проверки | C5: Муниципалитет | D5: Орган/владелец | E5: Тип источника | F5: Платформа | G5: Название | H5: Основная ссылка | I5: Подтверждение официальности | J5: Дата последней публикации | K5: Активность | L5: Комментарий | M5: Автопроверка
A6: Максим | B6: 46267 | C6: Республика Коми | D6: Банка об этом не напишет | E6: Неофициальный источник | F6: Telegram | G6: Банка об этом не напишет | H6: https://t.me/notBNK | I6: Не подтверждено | K6: Активен | L6: Проверено 02.09.2026: доступен. | M6: =IFERROR(__xludf.DUMMYFUNCTION("IF(COUNTA(A6:L6)=0,"""",IFS(AND(H6<>"""",COUNTIF($H$6:$H$504,H6)>1),""Ошибка: повтор URL"",OR(A6="""",B6="""",C6="""",D6="""",E6="""",F6="""",G6="""",H6="""",K6=""""),""Ошибка: обязательные поля"",NOT(REGEXMATCH(H6,""^https?://[^ /]+"")),""Ошибка: некорре"&"ктная ссылка"",COUNTIF('Справочники'!$A$4:$A$24,C6)=0,""Ошибка: территория вне справочника"",K6=""Недоступен"",""Ошибка: ссылка недоступна"",E6=""Неофициальный источник"",IF(K6=""Активен"",""Готово"",""Проверить: активность""),I6<>""Подтверждено"",""Прове"&"рить: официальность / комментарий"",K6<>""Активен"",""Проверить: активность"",AND(ISNUMBER(J6),J6<TODAY()-30),""Проверить: публикации старше 30 дней"",TRUE,""Готово""))"),"Готово") -> Готово
A7: Максим | B7: 46267 | C7: Республика Коми | D7: БНК | E7: Неофициальный источник | F7: Telegram | G7: БНК | H7: https://t.me/bnk11 | I7: Подтверждено | K7: Активен | L7: Повтор URL: строки 14, 303. Проверено 02.09.2026: доступен. | M7: =IFERROR(__xludf.DUMMYFUNCTION("IF(COUNTA(A7:L7)=0,"""",IFS(AND(H7<>"""",COUNTIF($H$6:$H$504,H7)>1),""Ошибка: повтор URL"",OR(A7="""",B7="""",C7="""",D7="""",E7="""",F7="""",G7="""",H7="""",K7=""""),""Ошибка: обязательные поля"",NOT(REGEXMATCH(H7,""^https?://[^ /]+"")),""Ошибка: некорре"&"ктная ссылка"",COUNTIF('Справочники'!$A$4:$A$24,C7)=0,""Ошибка: территория вне справочника"",K7=""Недоступен"",""Ошибка: ссылка недоступна"",E7=""Неофициальный источник"",IF(K7=""Активен"",""Готово"",""Проверить: активность""),I7<>""Подтверждено"",""Прове"&"рить: официальность / комментарий"",K7<>""Активен"",""Проверить: активность"",AND(ISNUMBER(J7),J7<TODAY()-30),""Проверить: публикации старше 30 дней"",TRUE,""Готово""))"),"Готово") -> Готово
A8: Максим | B8: 46267 | C8: Воркута | D8: Администрация Воркуты | E8: Администрация муниципалитета | F8: Telegram | G8: Воркута.Официально | H8: https://t.me/officially_vorkuta | I8: Подтверждено | K8: Активен | L8: Проверено 02.09.2026: доступен. | M8: =IFERROR(__xludf.DUMMYFUNCTION("IF(COUNTA(A8:L8)=0,"""",IFS(AND(H8<>"""",COUNTIF($H$6:$H$504,H8)>1),""Ошибка: повтор URL"",OR(A8="""",B8="""",C8="""",D8="""",E8="""",F8="""",G8="""",H8="""",K8=""""),""Ошибка: обязательные поля"",NOT(REGEXMATCH(H8,""^https?://[^ /]+"")),""Ошибка: некорре"&"ктная ссылка"",COUNTIF('Справочники'!$A$4:$A$24,C8)=0,""Ошибка: территория вне справочника"",K8=""Недоступен"",""Ошибка: ссылка недоступна"",E8=""Неофициальный источник"",IF(K8=""Активен"",""Готово"",""Проверить: активность""),I8<>""Подтверждено"",""Прове"&"рить: официальность / комментарий"",K8<>""Активен"",""Проверить: активность"",AND(ISNUMBER(J8),J8<TODAY()-30),""Проверить: публикации старше 30 дней"",TRUE,""Готово""))"),"Готово") -> Готово
A9: Максим | B9: 46267 | C9: Республика Коми | D9: Правительство Республики Коми | E9: Региональный орган власти | F9: Telegram | G9: Команда Республики Коми | H9: https://t.me/komanda_komi | I9: Подтверждено | K9: Активен | L9: Проверено 02.09.2026: доступен. | M9: =IFERROR(__xludf.DUMMYFUNCTION("IF(COUNTA(A9:L9)=0,"""",IFS(AND(H9<>"""",COUNTIF($H$6:$H$504,H9)>1),""Ошибка: повтор URL"",OR(A9="""",B9="""",C9="""",D9="""",E9="""",F9="""",G9="""",H9="""",K9=""""),""Ошибка: обязательные поля"",NOT(REGEXMATCH(H9,""^https?://[^ /]+"")),""Ошибка: некорре"&"ктная ссылка"",COUNTIF('Справочники'!$A$4:$A$24,C9)=0,""Ошибка: территория вне справочника"",K9=""Недоступен"",""Ошибка: ссылка недоступна"",E9=""Неофициальный источник"",IF(K9=""Активен"",""Готово"",""Проверить: активность""),I9<>""Подтверждено"",""Прове"&"рить: официальность / комментарий"",K9<>""Активен"",""Проверить: активность"",AND(ISNUMBER(J9),J9<TODAY()-30),""Проверить: публикации старше 30 дней"",TRUE,""Готово""))"),"Готово") -> Готово
A10: Максим | B10: 46267 | C10: Сыктывкар | D10: Максим Мартышин | E10: Глава муниципалитета | F10: Telegram | G10: Максим Мартышин | H10: https://t.me/maximmart2903 | I10: Подтверждено | K10: Активен | L10: Проверено 02.09.2026: доступен. | M10: =IFERROR(__xludf.DUMMYFUNCTION("IF(COUNTA(A10:L10)=0,"""",IFS(AND(H10<>"""",COUNTIF($H$6:$H$504,H10)>1),""Ошибка: повтор URL"",OR(A10="""",B10="""",C10="""",D10="""",E10="""",F10="""",G10="""",H10="""",K10=""""),""Ошибка: обязательные поля"",NOT(REGEXMATCH(H10,""^https?://[^ /]+"")),""О"&"шибка: некорректная ссылка"",COUNTIF('Справочники'!$A$4:$A$24,C10)=0,""Ошибка: территория вне справочника"",K10=""Недоступен"",""Ошибка: ссылка недоступна"",E10=""Неофициальный источник"",IF(K10=""Активен"",""Готово"",""Проверить: активность""),I10<>""Под"&"тверждено"",""Проверить: официальность / комментарий"",K10<>""Активен"",""Проверить: активность"",AND(ISNUMBER(J10),J10<TODAY()-30),""Проверить: публикации старше 30 дней"",TRUE,""Готово""))"),"Готово") -> Готово
A11: Максим | B11: 46267 | C11: Республика Коми | D11: Министерство здравоохранения Республики Коми | E11: Региональный орган власти | F11: Telegram | G11: Минздрав Коми | H11: https://t.me/minzdravkomi | I11: Подтверждено | K11: Активен | L11: Проверено 02.09.2026: доступен. | M11: =IFERROR(__xludf.DUMMYFUNCTION("IF(COUNTA(A11:L11)=0,"""",IFS(AND(H11<>"""",COUNTIF($H$6:$H$504,H11)>1),""Ошибка: повтор URL"",OR(A11="""",B11="""",C11="""",D11="""",E11="""",F11="""",G11="""",H11="""",K11=""""),""Ошибка: обязательные поля"",NOT(REGEXMATCH(H11,""^https?://[^ /]+"")),""О"&"шибка: некорректная ссылка"",COUNTIF('Справочники'!$A$4:$A$24,C11)=0,""Ошибка: территория вне справочника"",K11=""Недоступен"",""Ошибка: ссылка недоступна"",E11=""Неофициальный источник"",IF(K11=""Активен"",""Готово"",""Проверить: активность""),I11<>""Под"&"тверждено"",""Проверить: официальность / комментарий"",K11<>""Активен"",""Проверить: активность"",AND(ISNUMBER(J11),J11<TODAY()-30),""Проверить: публикации старше 30 дней"",TRUE,""Готово""))"),"Готово") -> Готово
A12: Максим | B12: 46267 | C12: Республика Коми | D12: Министерство образования и науки Республики Коми | E12: Региональный орган власти | F12: Telegram | G12: Минобрнауки Коми | H12: https://t.me/komiedu | I12: Подтверждено | K12: Активен | L12: Проверено 02.09.2026: доступен. | M12: =IFERROR(__xludf.DUMMYFUNCTION("IF(COUNTA(A12:L12)=0,"""",IFS(AND(H12<>"""",COUNTIF($H$6:$H$504,H12)>1),""Ошибка: повтор URL"",OR(A12="""",B12="""",C12="""",D12="""",E12="""",F12="""",G12="""",H12="""",K12=""""),""Ошибка: обязательные поля"",NOT(REGEXMATCH(H12,""^https?://[^ /]+"")),""О"&"шибка: некорректная ссылка"",COUNTIF('Справочники'!$A$4:$A$24,C12)=0,""Ошибка: территория вне справочника"",K12=""Недоступен"",""Ошибка: ссылка недоступна"",E12=""Неофициальный источник"",IF(K12=""Активен"",""Готово"",""Проверить: активность""),I12<>""Под"&"тверждено"",""Проверить: официальность / комментарий"",K12<>""Активен"",""Проверить: активность"",AND(ISNUMBER(J12),J12<TODAY()-30),""Проверить: публикации старше 30 дней"",TRUE,""Готово""))"),"Готово") -> Готово
A13: Максим | B13: 46267 | C13: Республика Коми | D13: Министерство природных ресурсов и охраны окружающей среды Республики Коми | E13: Региональный орган власти | F13: Telegram | G13: Минприроды Коми | H13: https://t.me/mprkomi | I13: Подтверждено | K13: Активен | L13: Проверено 02.09.2026: доступен. | M13: =IFERROR(__xludf.DUMMYFUNCTION("IF(COUNTA(A13:L13)=0,"""",IFS(AND(H13<>"""",COUNTIF($H$6:$H$504,H13)>1),""Ошибка: повтор URL"",OR(A13="""",B13="""",C13="""",D13="""",E13="""",F13="""",G13="""",H13="""",K13=""""),""Ошибка: обязательные поля"",NOT(REGEXMATCH(H13,""^https?://[^ /]+"")),""О"&"шибка: некорректная ссылка"",COUNTIF('Справочники'!$A$4:$A$24,C13)=0,""Ошибка: территория вне справочника"",K13=""Недоступен"",""Ошибка: ссылка недоступна"",E13=""Неофициальный источник"",IF(K13=""Активен"",""Готово"",""Проверить: активность""),I13<>""Под"&"тверждено"",""Проверить: официальность / комментарий"",K13<>""Активен"",""Проверить: активность"",AND(ISNUMBER(J13),J13<TODAY()-30),""Проверить: публикации старше 30 дней"",TRUE,""Готово""))"),"Готово") -> Готово
A14: Максим | B14: 46267 | C14: Сыктывкар | D14: Ольга Сотникова — ректор СГУ им. Питирима Сорокина | E14: Муниципальное учреждение | F14: Telegram | G14: Ольга Сотникова | Ректор СГУ им. Питирима Сорокина | H14: https://t.me/rectorSYKTSU | I14: Подтверждено | K14: Активен | L14: Проверено 02.09.2026: доступен. | M14: =IFERROR(__xludf.DUMMYFUNCTION("IF(COUNTA(A14:L14)=0,"""",IFS(AND(H14<>"""",COUNTIF($H$6:$H$504,H14)>1),""Ошибка: повтор URL"",OR(A14="""",B14="""",C14="""",D14="""",E14="""",F14="""",G14="""",H14="""",K14=""""),""Ошибка: обязательные поля"",NOT(REGEXMATCH(H14,""^https?://[^ /]+"")),""О"&"шибка: некорректная ссылка"",COUNTIF('Справочники'!$A$4:$A$24,C14)=0,""Ошибка: территория вне справочника"",K14=""Недоступен"",""Ошибка: ссылка недоступна"",E14=""Неофициальный источник"",IF(K14=""Активен"",""Готово"",""Проверить: активность""),I14<>""Под"&"тверждено"",""Проверить: официальность / комментарий"",K14<>""Активен"",""Проверить: активность"",AND(ISNUMBER(J14),J14<TODAY()-30),""Проверить: публикации старше 30 дней"",TRUE,""Готово""))"),"Готово") -> Готово
A15: Максим | B15: 46267 | C15: Ухта | D15: Газпром трансгаз Ухта | E15: Другое официальное | F15: Telegram | G15: ООО «Газпром трансгаз Ухта» | H15: https://t.me/gazprom_gtukhta | I15: Подтверждено | K15: Активен | L15: Проверено 02.09.2026: доступен. | M15: =IFERROR(__xludf.DUMMYFUNCTION("IF(COUNTA(A15:L15)=0,"""",IFS(AND(H15<>"""",COUNTIF($H$6:$H$504,H15)>1),""Ошибка: повтор URL"",OR(A15="""",B15="""",C15="""",D15="""",E15="""",F15="""",G15="""",H15="""",K15=""""),""Ошибка: обязательные поля"",NOT(REGEXMATCH(H15,""^https?://[^ /]+"")),""О"&"шибка: некорректная ссылка"",COUNTIF('Справочники'!$A$4:$A$24,C15)=0,""Ошибка: территория вне справочника"",K15=""Недоступен"",""Ошибка: ссылка недоступна"",E15=""Неофициальный источник"",IF(K15=""Активен"",""Готово"",""Проверить: активность""),I15<>""Под"&"тверждено"",""Проверить: официальность / комментарий"",K15<>""Активен"",""Проверить: активность"",AND(ISNUMBER(J15),J15<TODAY()-30),""Проверить: публикации старше 30 дней"",TRUE,""Готово""))"),"Готово") -> Готово
A16: Максим | B16: 46267 | C16: Республика Коми | D16: МВД по Республике Коми | E16: Региональный орган власти | F16: Telegram | G16: Полиция Коми | H16: https://t.me/mvd_komi | I16: Подтверждено | K16: Активен | L16: Проверено 02.09.2026: доступен. | M16: =IFERROR(__xludf.DUMMYFUNCTION("IF(COUNTA(A16:L16)=0,"""",IFS(AND(H16<>"""",COUNTIF($H$6:$H$504,H16)>1),""Ошибка: повтор URL"",OR(A16="""",B16="""",C16="""",D16="""",E16="""",F16="""",G16="""",H16="""",K16=""""),""Ошибка: обязательные поля"",NOT(REGEXMATCH(H16,""^https?://[^ /]+"")),""О"&"шибка: некорректная ссылка"",COUNTIF('Справочники'!$A$4:$A$24,C16)=0,""Ошибка: территория вне справочника"",K16=""Недоступен"",""Ошибка: ссылка недоступна"",E16=""Неофициальный источник"",IF(K16=""Активен"",""Готово"",""Проверить: активность""),I16<>""Под"&"тверждено"",""Проверить: официальность / комментарий"",K16<>""Активен"",""Проверить: активность"",AND(ISNUMBER(J16),J16<TODAY()-30),""Проверить: публикации старше 30 дней"",TRUE,""Готово""))"),"Готово") -> Готово
A17: Максим | B17: 46267 | C17: Республика Коми | D17: Прокуратура Республики Коми | E17: Региональный орган власти | F17: Telegram | G17: Прокуратура Республики Коми | H17: https://t.me/komiproc | I17: Подтверждено | K17: Активен | L17: Проверено 02.09.2026: доступен. | M17: =IFERROR(__xludf.DUMMYFUNCTION("IF(COUNTA(A17:L17)=0,"""",IFS(AND(H17<>"""",COUNTIF($H$6:$H$504,H17)>1),""Ошибка: повтор URL"",OR(A17="""",B17="""",C17="""",D17="""",E17="""",F17="""",G17="""",H17="""",K17=""""),""Ошибка: обязательные поля"",NOT(REGEXMATCH(H17,""^https?://[^ /]+"")),""О"&"шибка: некорректная ссылка"",COUNTIF('Справочники'!$A$4:$A$24,C17)=0,""Ошибка: территория вне справочника"",K17=""Недоступен"",""Ошибка: ссылка недоступна"",E17=""Неофициальный источник"",IF(K17=""Активен"",""Готово"",""Проверить: активность""),I17<>""Под"&"тверждено"",""Проверить: официальность / комментарий"",K17<>""Активен"",""Проверить: активность"",AND(ISNUMBER(J17),J17<TODAY()-30),""Проверить: публикации старше 30 дней"",TRUE,""Готово""))"),"Готово") -> Готово
A18: Максим | B18: 46267 | C18: Республика Коми | D18: СУ СК России по Республике Коми | E18: Региональный орган власти | F18: Telegram | G18: СУ СК России по Республике Коми | H18: https://t.me/su_skr11 | I18: Подтверждено | K18: Активен | L18: Проверено 02.09.2026: доступен. | M18: =IFERROR(__xludf.DUMMYFUNCTION("IF(COUNTA(A18:L18)=0,"""",IFS(AND(H18<>"""",COUNTIF($H$6:$H$504,H18)>1),""Ошибка: повтор URL"",OR(A18="""",B18="""",C18="""",D18="""",E18="""",F18="""",G18="""",H18="""",K18=""""),""Ошибка: обязательные поля"",NOT(REGEXMATCH(H18,""^https?://[^ /]+"")),""О"&"шибка: некорректная ссылка"",COUNTIF('Справочники'!$A$4:$A$24,C18)=0,""Ошибка: территория вне справочника"",K18=""Недоступен"",""Ошибка: ссылка недоступна"",E18=""Неофициальный источник"",IF(K18=""Активен"",""Готово"",""Проверить: активность""),I18<>""Под"&"тверждено"",""Проверить: официальность / комментарий"",K18<>""Активен"",""Проверить: активность"",AND(ISNUMBER(J18),J18<TODAY()-30),""Проверить: публикации старше 30 дней"",TRUE,""Готово""))"),"Готово") -> Готово
A19: Максим | B19: 46267 | C19: Ухта | D19: Ухтинский государственный технический университет | E19: Муниципальное учреждение | F19: Telegram | G19: УГТУ: Актуальное | H19: https://t.me/ugtu_aktualnoe | I19: Подтверждено | K19: Активен | L19: Проверено 02.09.2026: доступен. | M19: =IFERROR(__xludf.DUMMYFUNCTION("IF(COUNTA(A19:L19)=0,"""",IFS(AND(H19<>"""",COUNTIF($H$6:$H$504,H19)>1),""Ошибка: повтор URL"",OR(A19="""",B19="""",C19="""",D19="""",E19="""",F19="""",G19="""",H19="""",K19=""""),""Ошибка: обязательные поля"",NOT(REGEXMATCH(H19,""^https?://[^ /]+"")),""О"&"шибка: некорректная ссылка"",COUNTIF('Справочники'!$A$4:$A$24,C19)=0,""Ошибка: территория вне справочника"",K19=""Недоступен"",""Ошибка: ссылка недоступна"",E19=""Неофициальный источник"",IF(K19=""Активен"",""Готово"",""Проверить: активность""),I19<>""Под"&"тверждено"",""Проверить: официальность / комментарий"",K19<>""Активен"",""Проверить: активность"",AND(ISNUMBER(J19),J19<TODAY()-30),""Проверить: публикации старше 30 дней"",TRUE,""Готово""))"),"Готово") -> Готово
A20: Максим | B20: 46267 | C20: Сыктывкар | D20: ВСыке | E20: Неофициальный источник | F20: Telegram | G20: ВСыке | H20: https://t.me/v_syke | I20: Не подтверждено | K20: Активен | L20: Не заполнено: Тип источника. | M20: =IFERROR(__xludf.DUMMYFUNCTION("IF(COUNTA(A20:L20)=0,"""",IFS(AND(H20<>"""",COUNTIF($H$6:$H$504,H20)>1),""Ошибка: повтор URL"",OR(A20="""",B20="""",C20="""",D20="""",E20="""",F20="""",G20="""",H20="""",K20=""""),""Ошибка: обязательные поля"",NOT(REGEXMATCH(H20,""^https?://[^ /]+"")),""О"&"шибка: некорректная ссылка"",COUNTIF('Справочники'!$A$4:$A$24,C20)=0,""Ошибка: территория вне справочника"",K20=""Недоступен"",""Ошибка: ссылка недоступна"",E20=""Неофициальный источник"",IF(K20=""Активен"",""Готово"",""Проверить: активность""),I20<>""Под"&"тверждено"",""Проверить: официальность / комментарий"",K20<>""Активен"",""Проверить: активность"",AND(ISNUMBER(J20),J20<TODAY()-30),""Проверить: публикации старше 30 дней"",TRUE,""Готово""))"),"Готово") -> Готово
A21: Максим | B21: 46267 | C21: Республика Коми | D21: Олег Михайлов — ГОЛОС РЕСПУБЛИКИ | E21: Совет / представительный орган | F21: Telegram | G21: ГОЛОС РЕСПУБЛИКИ | H21: https://t.me/rkomivoice | I21: Подтверждено | K21: Активен | L21: Не заполнено: Муниципалитет. | M21: =IFERROR(__xludf.DUMMYFUNCTION("IF(COUNTA(A21:L21)=0,"""",IFS(AND(H21<>"""",COUNTIF($H$6:$H$504,H21)>1),""Ошибка: повтор URL"",OR(A21="""",B21="""",C21="""",D21="""",E21="""",F21="""",G21="""",H21="""",K21=""""),""Ошибка: обязательные поля"",NOT(REGEXMATCH(H21,""^https?://[^ /]+"")),""О"&"шибка: некорректная ссылка"",COUNTIF('Справочники'!$A$4:$A$24,C21)=0,""Ошибка: территория вне справочника"",K21=""Недоступен"",""Ошибка: ссылка недоступна"",E21=""Неофициальный источник"",IF(K21=""Активен"",""Готово"",""Проверить: активность""),I21<>""Под"&"тверждено"",""Проверить: официальность / комментарий"",K21<>""Активен"",""Проверить: активность"",AND(ISNUMBER(J21),J21<TODAY()-30),""Проверить: публикации старше 30 дней"",TRUE,""Готово""))"),"Готово") -> Готово
A22: Максим | B22: 46267 | C22: Республика Коми | D22: Ростислав Гольдштейн | E22: Глава муниципалитета | F22: Telegram | G22: Гольдштейн | Республика Коми | H22: https://t.me/goldshtein_komi | I22: Подтверждено | K22: Активен | L22: Не заполнено: Муниципалитет, Тип источника. | M22: =IFERROR(__xludf.DUMMYFUNCTION("IF(COUNTA(A22:L22)=0,"""",IFS(AND(H22<>"""",COUNTIF($H$6:$H$504,H22)>1),""Ошибка: повтор URL"",OR(A22="""",B22="""",C22="""",D22="""",E22="""",F22="""",G22="""",H22="""",K22=""""),""Ошибка: обязательные поля"",NOT(REGEXMATCH(H22,""^https?://[^ /]+"")),""О"&"шибка: некорректная ссылка"",COUNTIF('Справочники'!$A$4:$A$24,C22)=0,""Ошибка: территория вне справочника"",K22=""Недоступен"",""Ошибка: ссылка недоступна"",E22=""Неофициальный источник"",IF(K22=""Активен"",""Готово"",""Проверить: активность""),I22<>""Под"&"тверждено"",""Проверить: официальность / комментарий"",K22<>""Активен"",""Проверить: активность"",AND(ISNUMBER(J22),J22<TODAY()-30),""Проверить: публикации старше 30 дней"",TRUE,""Готово""))"),"Готово") -> Готово
A23: Максим | B23: 46267 | C23: Республика Коми | D23: Коми — это Ж | E23: Неофициальный источник | F23: Telegram | G23: Коми - это Ж 🇷🇺 | H23: https://t.me/komivkomi | I23: Не подтверждено | K23: Активен | L23: Не заполнено: Муниципалитет, Тип источника. | M23: =IFERROR(__xludf.DUMMYFUNCTION("IF(COUNTA(A23:L23)=0,"""",IFS(AND(H23<>"""",COUNTIF($H$6:$H$504,H23)>1),""Ошибка: повтор URL"",OR(A23="""",B23="""",C23="""",D23="""",E23="""",F23="""",G23="""",H23="""",K23=""""),""Ошибка: обязательные поля"",NOT(REGEXMATCH(H23,""^https?://[^ /]+"")),""О"&"шибка: некорректная ссылка"",COUNTIF('Справочники'!$A$4:$A$24,C23)=0,""Ошибка: территория вне справочника"",K23=""Недоступен"",""Ошибка: ссылка недоступна"",E23=""Неофициальный источник"",IF(K23=""Активен"",""Готово"",""Проверить: активность""),I23<>""Под"&"тверждено"",""Проверить: официальность / комментарий"",K23<>""Активен"",""Проверить: активность"",AND(ISNUMBER(J23),J23<TODAY()-30),""Проверить: публикации старше 30 дней"",TRUE,""Готово""))"),"Готово") -> Готово
A24: Максим | B24: 46267 | C24: Республика Коми | D24: Коми Тещи и Неизвестные Отцы | E24: Неофициальный источник | F24: Telegram | G24: Коми Тещи и Неизвестные Отцы | H24: https://t.me/komitesha | I24: Не подтверждено | K24: Активен | L24: Не заполнено: Муниципалитет, Тип источника. | M24: =IFERROR(__xludf.DUMMYFUNCTION("IF(COUNTA(A24:L24)=0,"""",IFS(AND(H24<>"""",COUNTIF($H$6:$H$504,H24)>1),""Ошибка: повтор URL"",OR(A24="""",B24="""",C24="""",D24="""",E24="""",F24="""",G24="""",H24="""",K24=""""),""Ошибка: обязательные поля"",NOT(REGEXMATCH(H24,""^https?://[^ /]+"")),""О"&"шибка: некорректная ссылка"",COUNTIF('Справочники'!$A$4:$A$24,C24)=0,""Ошибка: территория вне справочника"",K24=""Недоступен"",""Ошибка: ссылка недоступна"",E24=""Неофициальный источник"",IF(K24=""Активен"",""Готово"",""Проверить: активность""),I24<>""Под"&"тверждено"",""Проверить: официальность / комментарий"",K24<>""Активен"",""Проверить: активность"",AND(ISNUMBER(J24),J24<TODAY()-30),""Проверить: публикации старше 30 дней"",TRUE,""Готово""))"),"Готово") -> Готово
A25: Максим | B25: 46267 | C25: Республика Коми | D25: Комиинформ | E25: Официальная пресс-служба | F25: Telegram | G25: Комиинформ | H25: https://t.me/komiinform | I25: Подтверждено | K25: Активен | L25: Повтор URL: строки 30, 299, 307, 309. Не заполнено: Муниципалитет. | M25: =IFERROR(__xludf.DUMMYFUNCTION("IF(COUNTA(A25:L25)=0,"""",IFS(AND(H25<>"""",COUNTIF($H$6:$H$504,H25)>1),""Ошибка: повтор URL"",OR(A25="""",B25="""",C25="""",D25="""",E25="""",F25="""",G25="""",H25="""",K25=""""),""Ошибка: обязательные поля"",NOT(REGEXMATCH(H25,""^https?://[^ /]+"")),""О"&"шибка: некорректная ссылка"",COUNTIF('Справочники'!$A$4:$A$24,C25)=0,""Ошибка: территория вне справочника"",K25=""Недоступен"",""Ошибка: ссылка недоступна"",E25=""Неофициальный источник"",IF(K25=""Активен"",""Готово"",""Проверить: активность""),I25<>""Под"&"тверждено"",""Проверить: официальность / комментарий"",K25<>""Активен"",""Проверить: активность"",AND(ISNUMBER(J25),J25<TODAY()-30),""Проверить: публикации старше 30 дней"",TRUE,""Готово""))"),"Готово") -> Готово
A26: Максим | B26: 46267 | C26: Сыктывкар | D26: КомиСлив | E26: Неофициальный источник | F26: Telegram | G26: КомиСлив | H26: https://t.me/my_sykt | I26: Не подтверждено | K26: Активен | L26: Не заполнено: Тип источника. | M26: =IFERROR(__xludf.DUMMYFUNCTION("IF(COUNTA(A26:L26)=0,"""",IFS(AND(H26<>"""",COUNTIF($H$6:$H$504,H26)>1),""Ошибка: повтор URL"",OR(A26="""",B26="""",C26="""",D26="""",E26="""",F26="""",G26="""",H26="""",K26=""""),""Ошибка: обязательные поля"",NOT(REGEXMATCH(H26,""^https?://[^ /]+"")),""О"&"шибка: некорректная ссылка"",COUNTIF('Справочники'!$A$4:$A$24,C26)=0,""Ошибка: территория вне справочника"",K26=""Недоступен"",""Ошибка: ссылка недоступна"",E26=""Неофициальный источник"",IF(K26=""Активен"",""Готово"",""Проверить: активность""),I26<>""Под"&"тверждено"",""Проверить: официальность / комментарий"",K26<>""Активен"",""Проверить: активность"",AND(ISNUMBER(J26),J26<TODAY()-30),""Проверить: публикации старше 30 дней"",TRUE,""Готово""))"),"Готово") -> Готово
A27: Максим | B27: 46267 | C27: Республика Коми | D27: Коми Телега | E27: Неофициальный источник | F27: Telegram | G27: КOMИ ТЕЛЕГА. Что видим - то поём | H27: https://t.me/komitelega | I27: Не подтверждено | K27: Активен | L27: Не заполнено: Муниципалитет, Тип источника. | M27: =IFERROR(__xludf.DUMMYFUNCTION("IF(COUNTA(A27:L27)=0,"""",IFS(AND(H27<>"""",COUNTIF($H$6:$H$504,H27)>1),""Ошибка: повтор URL"",OR(A27="""",B27="""",C27="""",D27="""",E27="""",F27="""",G27="""",H27="""",K27=""""),""Ошибка: обязательные поля"",NOT(REGEXMATCH(H27,""^https?://[^ /]+"")),""О"&"шибка: некорректная ссылка"",COUNTIF('Справочники'!$A$4:$A$24,C27)=0,""Ошибка: территория вне справочника"",K27=""Недоступен"",""Ошибка: ссылка недоступна"",E27=""Неофициальный источник"",IF(K27=""Активен"",""Готово"",""Проверить: активность""),I27<>""Под"&"тверждено"",""Проверить: официальность / комментарий"",K27<>""Активен"",""Проверить: активность"",AND(ISNUMBER(J27),J27<TODAY()-30),""Проверить: публикации старше 30 дней"",TRUE,""Готово""))"),"Готово") -> Готово
A28: Максим | B28: 46267 | C28: Ухта | D28: Марина Метелёва | E28: Глава муниципалитета | F28: Telegram | G28: Марина Метелева | H28: https://t.me/marina_meteleva_uhta | I28: Подтверждено | K28: Активен | L28: Не заполнено: Название. | M28: =IFERROR(__xludf.DUMMYFUNCTION("IF(COUNTA(A28:L28)=0,"""",IFS(AND(H28<>"""",COUNTIF($H$6:$H$504,H28)>1),""Ошибка: повтор URL"",OR(A28="""",B28="""",C28="""",D28="""",E28="""",F28="""",G28="""",H28="""",K28=""""),""Ошибка: обязательные поля"",NOT(REGEXMATCH(H28,""^https?://[^ /]+"")),""О"&"шибка: некорректная ссылка"",COUNTIF('Справочники'!$A$4:$A$24,C28)=0,""Ошибка: территория вне справочника"",K28=""Недоступен"",""Ошибка: ссылка недоступна"",E28=""Неофициальный источник"",IF(K28=""Активен"",""Готово"",""Проверить: активность""),I28<>""Под"&"тверждено"",""Проверить: официальность / комментарий"",K28<>""Активен"",""Проверить: активность"",AND(ISNUMBER(J28),J28<TODAY()-30),""Проверить: публикации старше 30 дней"",TRUE,""Готово""))"),"Готово") -> Готово
A29: Максим | B29: 46267 | C29: Ухта | D29: Мария Бутина | E29: Совет / представительный орган | F29: Telegram | G29: Мария Бутина | H29: https://t.me/mariabutina | I29: Подтверждено | K29: Активен | L29: Не заполнено: Муниципалитет. | M29: =IFERROR(__xludf.DUMMYFUNCTION("IF(COUNTA(A29:L29)=0,"""",IFS(AND(H29<>"""",COUNTIF($H$6:$H$504,H29)>1),""Ошибка: повтор URL"",OR(A29="""",B29="""",C29="""",D29="""",E29="""",F29="""",G29="""",H29="""",K29=""""),""Ошибка: обязательные поля"",NOT(REGEXMATCH(H29,""^https?://[^ /]+"")),""О"&"шибка: некорректная ссылка"",COUNTIF('Справочники'!$A$4:$A$24,C29)=0,""Ошибка: территория вне справочника"",K29=""Недоступен"",""Ошибка: ссылка недоступна"",E29=""Неофициальный источник"",IF(K29=""Активен"",""Готово"",""Проверить: активность""),I29<>""Под"&"тверждено"",""Проверить: официальность / комментарий"",K29<>""Активен"",""Проверить: активность"",AND(ISNUMBER(J29),J29<TODAY()-30),""Проверить: публикации старше 30 дней"",TRUE,""Готово""))"),"Готово") -> Готово
A30: Максим | B30: 46267 | C30: Республика Коми | D30: Новая Республика | E30: Неофициальный источник | F30: Telegram | G30: Новая Республика | H30: https://t.me/nrkomi | I30: Не подтверждено | K30: Активен | L30: Не заполнено: Муниципалитет, Тип источника. | M30: =IFERROR(__xludf.DUMMYFUNCTION("IF(COUNTA(A30:L30)=0,"""",IFS(AND(H30<>"""",COUNTIF($H$6:$H$504,H30)>1),""Ошибка: повтор URL"",OR(A30="""",B30="""",C30="""",D30="""",E30="""",F30="""",G30="""",H30="""",K30=""""),""Ошибка: обязательные поля"",NOT(REGEXMATCH(H30,""^https?://[^ /]+"")),""О"&"шибка: некорректная ссылка"",COUNTIF('Справочники'!$A$4:$A$24,C30)=0,""Ошибка: территория вне справочника"",K30=""Недоступен"",""Ошибка: ссылка недоступна"",E30=""Неофициальный источник"",IF(K30=""Активен"",""Готово"",""Проверить: активность""),I30<>""Под"&"тверждено"",""Проверить: официальность / комментарий"",K30<>""Активен"",""Проверить: активность"",AND(ISNUMBER(J30),J30<TODAY()-30),""Проверить: публикации старше 30 дней"",TRUE,""Готово""))"),"Готово") -> Готово
A31: Максим | B31: 46267 | C31: Сыктывкар | D31: Новости Сыктывкара и Коми | E31: Неофициальный источник | F31: Telegram | G31: Новости Сыктывкара и Коми | H31: https://t.me/siktivkar_smi | I31: Не подтверждено | K31: Активен | L31: Не заполнено: Тип источника. | M31: =IFERROR(__xludf.DUMMYFUNCTION("IF(COUNTA(A31:L31)=0,"""",IFS(AND(H31<>"""",COUNTIF($H$6:$H$504,H31)>1),""Ошибка: повтор URL"",OR(A31="""",B31="""",C31="""",D31="""",E31="""",F31="""",G31="""",H31="""",K31=""""),""Ошибка: обязательные поля"",NOT(REGEXMATCH(H31,""^https?://[^ /]+"")),""О"&"шибка: некорректная ссылка"",COUNTIF('Справочники'!$A$4:$A$24,C31)=0,""Ошибка: территория вне справочника"",K31=""Недоступен"",""Ошибка: ссылка недоступна"",E31=""Неофициальный источник"",IF(K31=""Активен"",""Готово"",""Проверить: активность""),I31<>""Под"&"тверждено"",""Проверить: официальность / комментарий"",K31<>""Активен"",""Проверить: активность"",AND(ISNUMBER(J31),J31<TODAY()-30),""Проверить: публикации старше 30 дней"",TRUE,""Готово""))"),"Готово") -> Готово
A32: Максим | B32: 46267 | C32: Республика Коми | D32: ПЕСЕЦ | E32: Неофициальный источник | F32: Telegram | G32: ПЕСЕЦ | H32: https://t.me/pececc | I32: Не подтверждено | K32: Активен | L32: Не заполнено: Муниципалитет, Тип источника. | M32: =IFERROR(__xludf.DUMMYFUNCTION("IF(COUNTA(A32:L32)=0,"""",IFS(AND(H32<>"""",COUNTIF($H$6:$H$504,H32)>1),""Ошибка: повтор URL"",OR(A32="""",B32="""",C32="""",D32="""",E32="""",F32="""",G32="""",H32="""",K32=""""),""Ошибка: обязательные поля"",NOT(REGEXMATCH(H32,""^https?://[^ /]+"")),""О"&"шибка: некорректная ссылка"",COUNTIF('Справочники'!$A$4:$A$24,C32)=0,""Ошибка: территория вне справочника"",K32=""Недоступен"",""Ошибка: ссылка недоступна"",E32=""Неофициальный источник"",IF(K32=""Активен"",""Готово"",""Проверить: активность""),I32<>""Под"&"тверждено"",""Проверить: официальность / комментарий"",K32<>""Активен"",""Проверить: активность"",AND(ISNUMBER(J32),J32<TODAY()-30),""Проверить: публикации старше 30 дней"",TRUE,""Готово""))"),"Готово") -> Готово
A33: Максим | B33: 46267 | C33: Республика Коми | D33: ПолитКоми | E33: Неофициальный источник | F33: Telegram | G33: ПолитКоми | H33: https://t.me/northKomi | I33: Не подтверждено | K33: Активен | L33: Не заполнено: Муниципалитет, Тип источника. | M33: =IFERROR(__xludf.DUMMYFUNCTION("IF(COUNTA(A33:L33)=0,"""",IFS(AND(H33<>"""",COUNTIF($H$6:$H$504,H33)>1),""Ошибка: повтор URL"",OR(A33="""",B33="""",C33="""",D33="""",E33="""",F33="""",G33="""",H33="""",K33=""""),""Ошибка: обязательные поля"",NOT(REGEXMATCH(H33,""^https?://[^ /]+"")),""О"&"шибка: некорректная ссылка"",COUNTIF('Справочники'!$A$4:$A$24,C33)=0,""Ошибка: территория вне справочника"",K33=""Недоступен"",""Ошибка: ссылка недоступна"",E33=""Неофициальный источник"",IF(K33=""Активен"",""Готово"",""Проверить: активность""),I33<>""Под"&"тверждено"",""Проверить: официальность / комментарий"",K33<>""Активен"",""Проверить: активность"",AND(ISNUMBER(J33),J33<TODAY()-30),""Проверить: публикации старше 30 дней"",TRUE,""Готово""))"),"Готово") -> Готово
A34: Максим | B34: 46267 | C34: Сыктывкар | D34: Про Город Сыктывкар | E34: Неофициальный источник | F34: Telegram | G34: Про Город Сыктывкар | Новости | H34: https://t.me/pg11ru | I34: Не подтверждено | K34: Активен | L34: Повтор URL: строки 87, 311. Не заполнено: Тип источника. | M34: =IFERROR(__xludf.DUMMYFUNCTION("IF(COUNTA(A34:L34)=0,"""",IFS(AND(H34<>"""",COUNTIF($H$6:$H$504,H34)>1),""Ошибка: повтор URL"",OR(A34="""",B34="""",C34="""",D34="""",E34="""",F34="""",G34="""",H34="""",K34=""""),""Ошибка: обязательные поля"",NOT(REGEXMATCH(H34,""^https?://[^ /]+"")),""О"&"шибка: некорректная ссылка"",COUNTIF('Справочники'!$A$4:$A$24,C34)=0,""Ошибка: территория вне справочника"",K34=""Недоступен"",""Ошибка: ссылка недоступна"",E34=""Неофициальный источник"",IF(K34=""Активен"",""Готово"",""Проверить: активность""),I34<>""Под"&"тверждено"",""Проверить: официальность / комментарий"",K34<>""Активен"",""Проверить: активность"",AND(ISNUMBER(J34),J34<TODAY()-30),""Проверить: публикации старше 30 дней"",TRUE,""Готово""))"),"Готово") -> Готово
A35: Максим | B35: 46267 | C35: Ухта | D35: Про Город Ухта | E35: Неофициальный источник | F35: Telegram | G35: Про Город Ухта | H35: https://t.me/pgukhta11 | I35: Не подтверждено | K35: Активен | L35: Не заполнено: Тип источника. | M35: =IFERROR(__xludf.DUMMYFUNCTION("IF(COUNTA(A35:L35)=0,"""",IFS(AND(H35<>"""",COUNTIF($H$6:$H$504,H35)>1),""Ошибка: повтор URL"",OR(A35="""",B35="""",C35="""",D35="""",E35="""",F35="""",G35="""",H35="""",K35=""""),""Ошибка: обязательные поля"",NOT(REGEXMATCH(H35,""^https?://[^ /]+"")),""О"&"шибка: некорректная ссылка"",COUNTIF('Справочники'!$A$4:$A$24,C35)=0,""Ошибка: территория вне справочника"",K35=""Недоступен"",""Ошибка: ссылка недоступна"",E35=""Неофициальный источник"",IF(K35=""Активен"",""Готово"",""Проверить: активность""),I35<>""Под"&"тверждено"",""Проверить: официальность / комментарий"",K35<>""Активен"",""Проверить: активность"",AND(ISNUMBER(J35),J35<TODAY()-30),""Проверить: публикации старше 30 дней"",TRUE,""Готово""))"),"Готово") -> Готово
A36: Максим | B36: 46267 | C36: Республика Коми | D36: РВК — Агрегатор новостей | E36: Неофициальный источник | F36: Telegram | G36: РВК - Агрегатор новостей | H36: https://t.me/ranshevcex | I36: Не подтверждено | K36: Активен | L36: Повтор URL: строки 91, 312. Не заполнено: Муниципалитет, Тип источника. | M36: =IFERROR(__xludf.DUMMYFUNCTION("IF(COUNTA(A36:L36)=0,"""",IFS(AND(H36<>"""",COUNTIF($H$6:$H$504,H36)>1),""Ошибка: повтор URL"",OR(A36="""",B36="""",C36="""",D36="""",E36="""",F36="""",G36="""",H36="""",K36=""""),""Ошибка: обязательные поля"",NOT(REGEXMATCH(H36,""^https?://[^ /]+"")),""О"&"шибка: некорректная ссылка"",COUNTIF('Справочники'!$A$4:$A$24,C36)=0,""Ошибка: территория вне справочника"",K36=""Недоступен"",""Ошибка: ссылка недоступна"",E36=""Неофициальный источник"",IF(K36=""Активен"",""Готово"",""Проверить: активность""),I36<>""Под"&"тверждено"",""Проверить: официальность / комментарий"",K36<>""Активен"",""Проверить: активность"",AND(ISNUMBER(J36),J36<TODAY()-30),""Проверить: публикации старше 30 дней"",TRUE,""Готово""))"),"Готово") -> Готово
A37: Максим | B37: 46267 | C37: Республика Коми | D37: Республика Коми | E37: Официальная пресс-служба | F37: Telegram | G37: Республика Коми Z | H37: https://t.me/rkomiru | I37: Подтверждено | K37: Активен | L37: Повтор URL: строки 93, 313. Не заполнено: Муниципалитет, Тип источника. | M37: =IFERROR(__xludf.DUMMYFUNCTION("IF(COUNTA(A37:L37)=0,"""",IFS(AND(H37<>"""",COUNTIF($H$6:$H$504,H37)>1),""Ошибка: повтор URL"",OR(A37="""",B37="""",C37="""",D37="""",E37="""",F37="""",G37="""",H37="""",K37=""""),""Ошибка: обязательные поля"",NOT(REGEXMATCH(H37,""^https?://[^ /]+"")),""О"&"шибка: некорректная ссылка"",COUNTIF('Справочники'!$A$4:$A$24,C37)=0,""Ошибка: территория вне справочника"",K37=""Недоступен"",""Ошибка: ссылка недоступна"",E37=""Неофициальный источник"",IF(K37=""Активен"",""Готово"",""Проверить: активность""),I37<>""Под"&"тверждено"",""Проверить: официальность / комментарий"",K37<>""Активен"",""Проверить: активность"",AND(ISNUMBER(J37),J37<TODAY()-30),""Проверить: публикации старше 30 дней"",TRUE,""Готово""))"),"Готово") -> Готово
A38: Максим | B38: 46267 | C38: Сыктывкар | D38: Станислав Кочев | E38: Совет / представительный орган | F38: Telegram | G38: Станислав Кочев | H38: https://t.me/skochev | I38: Подтверждено | K38: Активен | L38: Не заполнено: Муниципалитет. | M38: =IFERROR(__xludf.DUMMYFUNCTION("IF(COUNTA(A38:L38)=0,"""",IFS(AND(H38<>"""",COUNTIF($H$6:$H$504,H38)>1),""Ошибка: повтор URL"",OR(A38="""",B38="""",C38="""",D38="""",E38="""",F38="""",G38="""",H38="""",K38=""""),""Ошибка: обязательные поля"",NOT(REGEXMATCH(H38,""^https?://[^ /]+"")),""О"&"шибка: некорректная ссылка"",COUNTIF('Справочники'!$A$4:$A$24,C38)=0,""Ошибка: территория вне справочника"",K38=""Недоступен"",""Ошибка: ссылка недоступна"",E38=""Неофициальный источник"",IF(K38=""Активен"",""Готово"",""Проверить: активность""),I38<>""Под"&"тверждено"",""Проверить: официальность / комментарий"",K38<>""Активен"",""Проверить: активность"",AND(ISNUMBER(J38),J38<TODAY()-30),""Проверить: публикации старше 30 дней"",TRUE,""Готово""))"),"Готово") -> Готово
A39: Максим | B39: 46267 | C39: Сыктывкар | D39: Сыктывкар №1 | E39: Неофициальный источник | F39: Telegram | G39: Сыктывкар №1 | H39: https://t.me/syktyvkar01 | I39: Не подтверждено | K39: Активен | L39: Не заполнено: Тип источника. | M39: =IFERROR(__xludf.DUMMYFUNCTION("IF(COUNTA(A39:L39)=0,"""",IFS(AND(H39<>"""",COUNTIF($H$6:$H$504,H39)>1),""Ошибка: повтор URL"",OR(A39="""",B39="""",C39="""",D39="""",E39="""",F39="""",G39="""",H39="""",K39=""""),""Ошибка: обязательные поля"",NOT(REGEXMATCH(H39,""^https?://[^ /]+"")),""О"&"шибка: некорректная ссылка"",COUNTIF('Справочники'!$A$4:$A$24,C39)=0,""Ошибка: территория вне справочника"",K39=""Недоступен"",""Ошибка: ссылка недоступна"",E39=""Неофициальный источник"",IF(K39=""Активен"",""Готово"",""Проверить: активность""),I39<>""Под"&"тверждено"",""Проверить: официальность / комментарий"",K39<>""Активен"",""Проверить: активность"",AND(ISNUMBER(J39),J39<TODAY()-30),""Проверить: публикации старше 30 дней"",TRUE,""Готово""))"),"Готово") -> Готово
A40: Максим | B40: 46267 | C40: Воркута | D40: Ту-ту на Воркуту | E40: Неофициальный источник | F40: Telegram | G40: Ту-ту на Воркуту | H40: https://t.me/tovorkuta | I40: Не подтверждено | K40: Активен | L40: Не заполнено: Тип источника. | M40: =IFERROR(__xludf.DUMMYFUNCTION("IF(COUNTA(A40:L40)=0,"""",IFS(AND(H40<>"""",COUNTIF($H$6:$H$504,H40)>1),""Ошибка: повтор URL"",OR(A40="""",B40="""",C40="""",D40="""",E40="""",F40="""",G40="""",H40="""",K40=""""),""Ошибка: обязательные поля"",NOT(REGEXMATCH(H40,""^https?://[^ /]+"")),""О"&"шибка: некорректная ссылка"",COUNTIF('Справочники'!$A$4:$A$24,C40)=0,""Ошибка: территория вне справочника"",K40=""Недоступен"",""Ошибка: ссылка недоступна"",E40=""Неофициальный источник"",IF(K40=""Активен"",""Готово"",""Проверить: активность""),I40<>""Под"&"тверждено"",""Проверить: официальность / комментарий"",K40<>""Активен"",""Проверить: активность"",AND(ISNUMBER(J40),J40<TODAY()-30),""Проверить: публикации старше 30 дней"",TRUE,""Готово""))"),"Готово") -> Готово
A41: Максим | B41: 46267 | C41: Ухта | D41: Ухо Ухты | E41: Неофициальный источник | F41: Telegram | G41: Ухо Ухты | H41: https://t.me/uhoukhta | I41: Не подтверждено | K41: Активен | L41: Не заполнено: Тип источника. | M41: =IFERROR(__xludf.DUMMYFUNCTION("IF(COUNTA(A41:L41)=0,"""",IFS(AND(H41<>"""",COUNTIF($H$6:$H$504,H41)>1),""Ошибка: повтор URL"",OR(A41="""",B41="""",C41="""",D41="""",E41="""",F41="""",G41="""",H41="""",K41=""""),""Ошибка: обязательные поля"",NOT(REGEXMATCH(H41,""^https?://[^ /]+"")),""О"&"шибка: некорректная ссылка"",COUNTIF('Справочники'!$A$4:$A$24,C41)=0,""Ошибка: территория вне справочника"",K41=""Недоступен"",""Ошибка: ссылка недоступна"",E41=""Неофициальный источник"",IF(K41=""Активен"",""Готово"",""Проверить: активность""),I41<>""Под"&"тверждено"",""Проверить: официальность / комментарий"",K41<>""Активен"",""Проверить: активность"",AND(ISNUMBER(J41),J41<TODAY()-30),""Проверить: публикации старше 30 дней"",TRUE,""Готово""))"),"Готово") -> Готово
A42: Максим | B42: 46267 | C42: Республика Коми | D42: Это Коми, детка! | E42: Неофициальный источник | F42: Telegram | G42: Это Коми, детка! | H42: https://t.me/etokomidetka | I42: Не подтверждено | K42: Активен | L42: Не заполнено: Муниципалитет, Тип источника. | M42: =IFERROR(__xludf.DUMMYFUNCTION("IF(COUNTA(A42:L42)=0,"""",IFS(AND(H42<>"""",COUNTIF($H$6:$H$504,H42)>1),""Ошибка: повтор URL"",OR(A42="""",B42="""",C42="""",D42="""",E42="""",F42="""",G42="""",H42="""",K42=""""),""Ошибка: обязательные поля"",NOT(REGEXMATCH(H42,""^https?://[^ /]+"")),""О"&"шибка: некорректная ссылка"",COUNTIF('Справочники'!$A$4:$A$24,C42)=0,""Ошибка: территория вне справочника"",K42=""Недоступен"",""Ошибка: ссылка недоступна"",E42=""Неофициальный источник"",IF(K42=""Активен"",""Готово"",""Проверить: активность""),I42<>""Под"&"тверждено"",""Проверить: официальность / комментарий"",K42<>""Активен"",""Проверить: активность"",AND(ISNUMBER(J42),J42<TODAY()-30),""Проверить: публикации старше 30 дней"",TRUE,""Готово""))"),"Готово") -> Готово
A43: Максим | B43: 46267 | C43: Республика Коми | D43: Я живу в Коми | E43: Неофициальный источник | F43: Telegram | G43: Я живу в Коми | H43: https://t.me/zhivuvkomi11 | I43: Не подтверждено | K43: Активен | L43: Не заполнено: Муниципалитет, Тип источника. | M43: =IFERROR(__xludf.DUMMYFUNCTION("IF(COUNTA(A43:L43)=0,"""",IFS(AND(H43<>"""",COUNTIF($H$6:$H$504,H43)>1),""Ошибка: повтор URL"",OR(A43="""",B43="""",C43="""",D43="""",E43="""",F43="""",G43="""",H43="""",K43=""""),""Ошибка: обязательные поля"",NOT(REGEXMATCH(H43,""^https?://[^ /]+"")),""О"&"шибка: некорректная ссылка"",COUNTIF('Справочники'!$A$4:$A$24,C43)=0,""Ошибка: территория вне справочника"",K43=""Недоступен"",""Ошибка: ссылка недоступна"",E43=""Неофициальный источник"",IF(K43=""Активен"",""Готово"",""Проверить: активность""),I43<>""Под"&"тверждено"",""Проверить: официальность / комментарий"",K43<>""Активен"",""Проверить: активность"",AND(ISNUMBER(J43),J43<TODAY()-30),""Проверить: публикации старше 30 дней"",TRUE,""Готово""))"),"Готово") -> Готово
A44: Максим | B44: 46267 | C44: Республика Коми | D44: KomiLeaks | E44: Неофициальный источник | F44: Telegram | G44: KomiLeaks | H44: https://t.me/komileaks | I44: Требует проверки | K44: Активен | L44: Повтор URL: строки 118, 314. Не заполнено: Муниципалитет, Тип источника. | M44: =IFERROR(__xludf.DUMMYFUNCTION("IF(COUNTA(A44:L44)=0,"""",IFS(AND(H44<>"""",COUNTIF($H$6:$H$504,H44)>1),""Ошибка: повтор URL"",OR(A44="""",B44="""",C44="""",D44="""",E44="""",F44="""",G44="""",H44="""",K44=""""),""Ошибка: обязательные поля"",NOT(REGEXMATCH(H44,""^https?://[^ /]+"")),""О"&"шибка: некорректная ссылка"",COUNTIF('Справочники'!$A$4:$A$24,C44)=0,""Ошибка: территория вне справочника"",K44=""Недоступен"",""Ошибка: ссылка недоступна"",E44=""Неофициальный источник"",IF(K44=""Активен"",""Готово"",""Проверить: активность""),I44<>""Под"&"тверждено"",""Проверить: официальность / комментарий"",K44<>""Активен"",""Проверить: активность"",AND(ISNUMBER(J44),J44<TODAY()-30),""Проверить: публикации старше 30 дней"",TRUE,""Готово""))"),"Готово") -> Готово
A45: Максим | B45: 46267 | C45: Республика Коми | D45: Министерство труда и социальной защиты Республики Коми | E45: Региональный орган власти | F45: Telegram | G45: МИНТРУДСОЦ КОМИ | H45: https://t.me/mintrudsocKomi | I45: Подтверждено | K45: Активен | L45: Не заполнено: Название. | M45: =IFERROR(__xludf.DUMMYFUNCTION("IF(COUNTA(A45:L45)=0,"""",IFS(AND(H45<>"""",COUNTIF($H$6:$H$504,H45)>1),""Ошибка: повтор URL"",OR(A45="""",B45="""",C45="""",D45="""",E45="""",F45="""",G45="""",H45="""",K45=""""),""Ошибка: обязательные поля"",NOT(REGEXMATCH(H45,""^https?://[^ /]+"")),""О"&"шибка: некорректная ссылка"",COUNTIF('Справочники'!$A$4:$A$24,C45)=0,""Ошибка: территория вне справочника"",K45=""Недоступен"",""Ошибка: ссылка недоступна"",E45=""Неофициальный источник"",IF(K45=""Активен"",""Готово"",""Проверить: активность""),I45<>""Под"&"тверждено"",""Проверить: официальность / комментарий"",K45<>""Активен"",""Проверить: активность"",AND(ISNUMBER(J45),J45<TODAY()-30),""Проверить: публикации старше 30 дней"",TRUE,""Готово""))"),"Готово") -> Готово
A46: Максим | B46: 46267 | C46: Республика Коми | D46: Министерство цифрового развития и связи Республики Коми | E46: Региональный орган власти | F46: Telegram | G46: Минцифры Коми | H46: https://t.me/digitalkomi | I46: Подтверждено | K46: Активен | L46: Не заполнено: Название. | M46: =IFERROR(__xludf.DUMMYFUNCTION("IF(COUNTA(A46:L46)=0,"""",IFS(AND(H46<>"""",COUNTIF($H$6:$H$504,H46)>1),""Ошибка: повтор URL"",OR(A46="""",B46="""",C46="""",D46="""",E46="""",F46="""",G46="""",H46="""",K46=""""),""Ошибка: обязательные поля"",NOT(REGEXMATCH(H46,""^https?://[^ /]+"")),""О"&"шибка: некорректная ссылка"",COUNTIF('Справочники'!$A$4:$A$24,C46)=0,""Ошибка: территория вне справочника"",K46=""Недоступен"",""Ошибка: ссылка недоступна"",E46=""Неофициальный источник"",IF(K46=""Активен"",""Готово"",""Проверить: активность""),I46<>""Под"&"тверждено"",""Проверить: официальность / комментарий"",K46<>""Активен"",""Проверить: активность"",AND(ISNUMBER(J46),J46<TODAY()-30),""Проверить: публикации старше 30 дней"",TRUE,""Готово""))"),"Готово") -> Готово
A47: Максим | B47: 46267 | C47: Республика Коми | D47: Министерство экономического развития и промышленности Республики Коми | E47: Региональный орган власти | F47: Telegram | G47: Минэкономразвития и промышленности Республики Коми | H47: https://t.me/MinEcKomi | I47: Подтверждено | K47: Активен | L47: Не заполнено: Название. | M47: =IFERROR(__xludf.DUMMYFUNCTION("IF(COUNTA(A47:L47)=0,"""",IFS(AND(H47<>"""",COUNTIF($H$6:$H$504,H47)>1),""Ошибка: повтор URL"",OR(A47="""",B47="""",C47="""",D47="""",E47="""",F47="""",G47="""",H47="""",K47=""""),""Ошибка: обязательные поля"",NOT(REGEXMATCH(H47,""^https?://[^ /]+"")),""О"&"шибка: некорректная ссылка"",COUNTIF('Справочники'!$A$4:$A$24,C47)=0,""Ошибка: территория вне справочника"",K47=""Недоступен"",""Ошибка: ссылка недоступна"",E47=""Неофициальный источник"",IF(K47=""Активен"",""Готово"",""Проверить: активность""),I47<>""Под"&"тверждено"",""Проверить: официальность / комментарий"",K47<>""Активен"",""Проверить: активность"",AND(ISNUMBER(J47),J47<TODAY()-30),""Проверить: публикации старше 30 дней"",TRUE,""Готово""))"),"Готово") -> Готово
A48: Максим | B48: 46267 | C48: Сыктывкар | D48: Администрация Сыктывкара | E48: Администрация муниципалитета | F48: Telegram | G48: Б-22 | Мэрия Сыктывкара | Бабушкина, 22 | H48: https://t.me/babushkina22 | I48: Подтверждено | K48: Активен | L48: Не заполнено: Название. | M48: =IFERROR(__xludf.DUMMYFUNCTION("IF(COUNTA(A48:L48)=0,"""",IFS(AND(H48<>"""",COUNTIF($H$6:$H$504,H48)>1),""Ошибка: повтор URL"",OR(A48="""",B48="""",C48="""",D48="""",E48="""",F48="""",G48="""",H48="""",K48=""""),""Ошибка: обязательные поля"",NOT(REGEXMATCH(H48,""^https?://[^ /]+"")),""О"&"шибка: некорректная ссылка"",COUNTIF('Справочники'!$A$4:$A$24,C48)=0,""Ошибка: территория вне справочника"",K48=""Недоступен"",""Ошибка: ссылка недоступна"",E48=""Неофициальный источник"",IF(K48=""Активен"",""Готово"",""Проверить: активность""),I48<>""Под"&"тверждено"",""Проверить: официальность / комментарий"",K48<>""Активен"",""Проверить: активность"",AND(ISNUMBER(J48),J48<TODAY()-30),""Проверить: публикации старше 30 дней"",TRUE,""Готово""))"),"Готово") -> Готово
A49: Максим | B49: 46267 | C49: Воркута | D49: Администрация Воркуты | E49: Администрация муниципалитета | F49: MAX | G49: Администрация муниципального округа «Воркута» | H49: https://max.ru/id1103023523_gos | I49: Подтверждено | K49: Активен | L49: Проверено 02.09.2026: доступен. | M49: =IFERROR(__xludf.DUMMYFUNCTION("IF(COUNTA(A49:L49)=0,"""",IFS(AND(H49<>"""",COUNTIF($H$6:$H$504,H49)>1),""Ошибка: повтор URL"",OR(A49="""",B49="""",C49="""",D49="""",E49="""",F49="""",G49="""",H49="""",K49=""""),""Ошибка: обязательные поля"",NOT(REGEXMATCH(H49,""^https?://[^ /]+"")),""О"&"шибка: некорректная ссылка"",COUNTIF('Справочники'!$A$4:$A$24,C49)=0,""Ошибка: территория вне справочника"",K49=""Недоступен"",""Ошибка: ссылка недоступна"",E49=""Неофициальный источник"",IF(K49=""Активен"",""Готово"",""Проверить: активность""),I49<>""Под"&"тверждено"",""Проверить: официальность / комментарий"",K49<>""Активен"",""Проверить: активность"",AND(ISNUMBER(J49),J49<TODAY()-30),""Проверить: публикации старше 30 дней"",TRUE,""Готово""))"),"Готово") -> Готово
A50: Максим | B50: 46267 | C50: Воркута | D50: Воркутинский Дом Учителя | E50: Муниципальное учреждение | F50: MAX | G50: Воркутинский Дом Учителя | H50: https://max.ru/id1103002530_gos | I50: Подтверждено | K50: Активен | L50: Проверено 02.09.2026: доступен. | M50: =IFERROR(__xludf.DUMMYFUNCTION("IF(COUNTA(A50:L50)=0,"""",IFS(AND(H50<>"""",COUNTIF($H$6:$H$504,H50)>1),""Ошибка: повтор URL"",OR(A50="""",B50="""",C50="""",D50="""",E50="""",F50="""",G50="""",H50="""",K50=""""),""Ошибка: обязательные поля"",NOT(REGEXMATCH(H50,""^https?://[^ /]+"")),""О"&"шибка: некорректная ссылка"",COUNTIF('Справочники'!$A$4:$A$24,C50)=0,""Ошибка: территория вне справочника"",K50=""Недоступен"",""Ошибка: ссылка недоступна"",E50=""Неофициальный источник"",IF(K50=""Активен"",""Готово"",""Проверить: активность""),I50<>""Под"&"тверждено"",""Проверить: официальность / комментарий"",K50<>""Активен"",""Проверить: активность"",AND(ISNUMBER(J50),J50<TODAY()-30),""Проверить: публикации старше 30 дней"",TRUE,""Готово""))"),"Готово") -> Готово
A51: Максим | B51: 46267 | C51: Республика Коми | D51: Министерство молодежной политики Республики Коми | E51: Региональный орган власти | F51: MAX | G51: Министерство молодежной политики Республики Коми | H51: https://max.ru/id1101175721_gos | I51: Подтверждено | K51: Активен | L51: Проверено 02.09.2026: доступен. | M51: =IFERROR(__xludf.DUMMYFUNCTION("IF(COUNTA(A51:L51)=0,"""",IFS(AND(H51<>"""",COUNTIF($H$6:$H$504,H51)>1),""Ошибка: повтор URL"",OR(A51="""",B51="""",C51="""",D51="""",E51="""",F51="""",G51="""",H51="""",K51=""""),""Ошибка: обязательные поля"",NOT(REGEXMATCH(H51,""^https?://[^ /]+"")),""О"&"шибка: некорректная ссылка"",COUNTIF('Справочники'!$A$4:$A$24,C51)=0,""Ошибка: территория вне справочника"",K51=""Недоступен"",""Ошибка: ссылка недоступна"",E51=""Неофициальный источник"",IF(K51=""Активен"",""Готово"",""Проверить: активность""),I51<>""Под"&"тверждено"",""Проверить: официальность / комментарий"",K51<>""Активен"",""Проверить: активность"",AND(ISNUMBER(J51),J51<TODAY()-30),""Проверить: публикации старше 30 дней"",TRUE,""Готово""))"),"Готово") -> Готово
A52: Максим | B52: 46267 | C52: Республика Коми | D52: Министерство транспорта Республики Коми | E52: Региональный орган власти | F52: MAX | G52: Министерство транспорта Республики Коми | H52: https://max.ru/id1101182084_gos | I52: Подтверждено | K52: Активен | L52: Проверено 02.09.2026: доступен. | M52: =IFERROR(__xludf.DUMMYFUNCTION("IF(COUNTA(A52:L52)=0,"""",IFS(AND(H52<>"""",COUNTIF($H$6:$H$504,H52)>1),""Ошибка: повтор URL"",OR(A52="""",B52="""",C52="""",D52="""",E52="""",F52="""",G52="""",H52="""",K52=""""),""Ошибка: обязательные поля"",NOT(REGEXMATCH(H52,""^https?://[^ /]+"")),""О"&"шибка: некорректная ссылка"",COUNTIF('Справочники'!$A$4:$A$24,C52)=0,""Ошибка: территория вне справочника"",K52=""Недоступен"",""Ошибка: ссылка недоступна"",E52=""Неофициальный источник"",IF(K52=""Активен"",""Готово"",""Проверить: активность""),I52<>""Под"&"тверждено"",""Проверить: официальность / комментарий"",K52<>""Активен"",""Проверить: активность"",AND(ISNUMBER(J52),J52<TODAY()-30),""Проверить: публикации старше 30 дней"",TRUE,""Готово""))"),"Готово") -> Готово
A53: Максим | B53: 46267 | C53: Республика Коми | D53: МВД по Республике Коми | E53: Региональный орган власти | F53: MAX | G53: Полиция Коми | H53: https://max.ru/mvd11 | I53: Подтверждено | K53: Активен | L53: Проверено 02.09.2026: доступен. | M53: =IFERROR(__xludf.DUMMYFUNCTION("IF(COUNTA(A53:L53)=0,"""",IFS(AND(H53<>"""",COUNTIF($H$6:$H$504,H53)>1),""Ошибка: повтор URL"",OR(A53="""",B53="""",C53="""",D53="""",E53="""",F53="""",G53="""",H53="""",K53=""""),""Ошибка: обязательные поля"",NOT(REGEXMATCH(H53,""^https?://[^ /]+"")),""О"&"шибка: некорректная ссылка"",COUNTIF('Справочники'!$A$4:$A$24,C53)=0,""Ошибка: территория вне справочника"",K53=""Недоступен"",""Ошибка: ссылка недоступна"",E53=""Неофициальный источник"",IF(K53=""Активен"",""Готово"",""Проверить: активность""),I53<>""Под"&"тверждено"",""Проверить: официальность / комментарий"",K53<>""Активен"",""Проверить: активность"",AND(ISNUMBER(J53),J53<TODAY()-30),""Проверить: публикации старше 30 дней"",TRUE,""Готово""))"),"Готово") -> Готово
A54: Максим | B54: 46267 | C54: Ухта | D54: Марина Метелёва | E54: Глава муниципалитета | F54: MAX | G54: Марина Метелева | H54: https://max.ru/channel_MNM | I54: Подтверждено | K54: Активен | L54: Не заполнено: Название. | M54: =IFERROR(__xludf.DUMMYFUNCTION("IF(COUNTA(A54:L54)=0,"""",IFS(AND(H54<>"""",COUNTIF($H$6:$H$504,H54)>1),""Ошибка: повтор URL"",OR(A54="""",B54="""",C54="""",D54="""",E54="""",F54="""",G54="""",H54="""",K54=""""),""Ошибка: обязательные поля"",NOT(REGEXMATCH(H54,""^https?://[^ /]+"")),""О"&"шибка: некорректная ссылка"",COUNTIF('Справочники'!$A$4:$A$24,C54)=0,""Ошибка: территория вне справочника"",K54=""Недоступен"",""Ошибка: ссылка недоступна"",E54=""Неофициальный источник"",IF(K54=""Активен"",""Готово"",""Проверить: активность""),I54<>""Под"&"тверждено"",""Проверить: официальность / комментарий"",K54<>""Активен"",""Проверить: активность"",AND(ISNUMBER(J54),J54<TODAY()-30),""Проверить: публикации старше 30 дней"",TRUE,""Готово""))"),"Готово") -> Готово
A55: Максим | B55: 46267 | C55: Республика Коми | D55: Туристский информационный центр Республики Коми | E55: Другое официальное | F55: MAX | G55: МинТуризмаКоми | H55: https://max.ru/turinfokomi | I55: Подтверждено | K55: Активен | L55: Не заполнено: Муниципалитет. | M55: =IFERROR(__xludf.DUMMYFUNCTION("IF(COUNTA(A55:L55)=0,"""",IFS(AND(H55<>"""",COUNTIF($H$6:$H$504,H55)>1),""Ошибка: повтор URL"",OR(A55="""",B55="""",C55="""",D55="""",E55="""",F55="""",G55="""",H55="""",K55=""""),""Ошибка: обязательные поля"",NOT(REGEXMATCH(H55,""^https?://[^ /]+"")),""О"&"шибка: некорректная ссылка"",COUNTIF('Справочники'!$A$4:$A$24,C55)=0,""Ошибка: территория вне справочника"",K55=""Недоступен"",""Ошибка: ссылка недоступна"",E55=""Неофициальный источник"",IF(K55=""Активен"",""Готово"",""Проверить: активность""),I55<>""Под"&"тверждено"",""Проверить: официальность / комментарий"",K55<>""Активен"",""Проверить: активность"",AND(ISNUMBER(J55),J55<TODAY()-30),""Проверить: публикации старше 30 дней"",TRUE,""Готово""))"),"Готово") -> Готово
A56: Максим | B56: 46267 | C56: Ухта | D56: Про Город Ухта | E56: Неофициальный источник | F56: MAX | G56: Про Город Ухта | Новости Ухты | H56: https://max.ru/vkpgu | I56: Не подтверждено | K56: Активен | L56: Не заполнено: Тип источника. | M56: =IFERROR(__xludf.DUMMYFUNCTION("IF(COUNTA(A56:L56)=0,"""",IFS(AND(H56<>"""",COUNTIF($H$6:$H$504,H56)>1),""Ошибка: повтор URL"",OR(A56="""",B56="""",C56="""",D56="""",E56="""",F56="""",G56="""",H56="""",K56=""""),""Ошибка: обязательные поля"",NOT(REGEXMATCH(H56,""^https?://[^ /]+"")),""О"&"шибка: некорректная ссылка"",COUNTIF('Справочники'!$A$4:$A$24,C56)=0,""Ошибка: территория вне справочника"",K56=""Недоступен"",""Ошибка: ссылка недоступна"",E56=""Неофициальный источник"",IF(K56=""Активен"",""Готово"",""Проверить: активность""),I56<>""Под"&"тверждено"",""Проверить: официальность / комментарий"",K56<>""Активен"",""Проверить: активность"",AND(ISNUMBER(J56),J56<TODAY()-30),""Проверить: публикации старше 30 дней"",TRUE,""Готово""))"),"Готово") -> Готово
A57: Максим | B57: 46267 | C57: Воркута | D57: Управление образования Воркуты | E57: Муниципальное учреждение | F57: MAX | G57: УпрО Воркута | H57: https://max.ru/id1103023731_gos | I57: Подтверждено | K57: Активен | L57: Не заполнено: Название. | M57: =IFERROR(__xludf.DUMMYFUNCTION("IF(COUNTA(A57:L57)=0,"""",IFS(AND(H57<>"""",COUNTIF($H$6:$H$504,H57)>1),""Ошибка: повтор URL"",OR(A57="""",B57="""",C57="""",D57="""",E57="""",F57="""",G57="""",H57="""",K57=""""),""Ошибка: обязательные поля"",NOT(REGEXMATCH(H57,""^https?://[^ /]+"")),""О"&"шибка: некорректная ссылка"",COUNTIF('Справочники'!$A$4:$A$24,C57)=0,""Ошибка: территория вне справочника"",K57=""Недоступен"",""Ошибка: ссылка недоступна"",E57=""Неофициальный источник"",IF(K57=""Активен"",""Готово"",""Проверить: активность""),I57<>""Под"&"тверждено"",""Проверить: официальность / комментарий"",K57<>""Активен"",""Проверить: активность"",AND(ISNUMBER(J57),J57<TODAY()-30),""Проверить: публикации старше 30 дней"",TRUE,""Готово""))"),"Готово") -> Готово
A58: Максим | B58: 46267 | C58: Республика Коми | D58: Комитет Республики Коми по закупкам | E58: Региональный орган власти | F58: MAX | G58: Министерство закупок Республики Коми | H58: https://max.ru/id1101170040_gos | I58: Подтверждено | K58: Активен | L58: Не заполнено: Название. | M58: =IFERROR(__xludf.DUMMYFUNCTION("IF(COUNTA(A58:L58)=0,"""",IFS(AND(H58<>"""",COUNTIF($H$6:$H$504,H58)>1),""Ошибка: повтор URL"",OR(A58="""",B58="""",C58="""",D58="""",E58="""",F58="""",G58="""",H58="""",K58=""""),""Ошибка: обязательные поля"",NOT(REGEXMATCH(H58,""^https?://[^ /]+"")),""О"&"шибка: некорректная ссылка"",COUNTIF('Справочники'!$A$4:$A$24,C58)=0,""Ошибка: территория вне справочника"",K58=""Недоступен"",""Ошибка: ссылка недоступна"",E58=""Неофициальный источник"",IF(K58=""Активен"",""Готово"",""Проверить: активность""),I58<>""Под"&"тверждено"",""Проверить: официальность / комментарий"",K58<>""Активен"",""Проверить: активность"",AND(ISNUMBER(J58),J58<TODAY()-30),""Проверить: публикации старше 30 дней"",TRUE,""Готово""))"),"Готово") -> Готово
A59: Максим | B59: 46267 | C59: Республика Коми | D59: Комитет Республики Коми по тарифам | E59: Региональный орган власти | F59: MAX | G59: Министерство тарифного регулирования Республики Коми | H59: https://max.ru/id1101169990_gos | I59: Подтверждено | K59: Активен | L59: Не заполнено: Название. | M59: =IFERROR(__xludf.DUMMYFUNCTION("IF(COUNTA(A59:L59)=0,"""",IFS(AND(H59<>"""",COUNTIF($H$6:$H$504,H59)>1),""Ошибка: повтор URL"",OR(A59="""",B59="""",C59="""",D59="""",E59="""",F59="""",G59="""",H59="""",K59=""""),""Ошибка: обязательные поля"",NOT(REGEXMATCH(H59,""^https?://[^ /]+"")),""О"&"шибка: некорректная ссылка"",COUNTIF('Справочники'!$A$4:$A$24,C59)=0,""Ошибка: территория вне справочника"",K59=""Недоступен"",""Ошибка: ссылка недоступна"",E59=""Неофициальный источник"",IF(K59=""Активен"",""Готово"",""Проверить: активность""),I59<>""Под"&"тверждено"",""Проверить: официальность / комментарий"",K59<>""Активен"",""Проверить: активность"",AND(ISNUMBER(J59),J59<TODAY()-30),""Проверить: публикации старше 30 дней"",TRUE,""Готово""))"),"Готово") -> Готово
A60: Максим | B60: 46267 | C60: Республика Коми | D60: Министерство здравоохранения Республики Коми | E60: Региональный орган власти | F60: MAX | G60: Минздрав Республики Коми | H60: https://max.ru/minzdravkomi | I60: Подтверждено | K60: Активен | L60: Не заполнено: Название. | M60: =IFERROR(__xludf.DUMMYFUNCTION("IF(COUNTA(A60:L60)=0,"""",IFS(AND(H60<>"""",COUNTIF($H$6:$H$504,H60)>1),""Ошибка: повтор URL"",OR(A60="""",B60="""",C60="""",D60="""",E60="""",F60="""",G60="""",H60="""",K60=""""),""Ошибка: обязательные поля"",NOT(REGEXMATCH(H60,""^https?://[^ /]+"")),""О"&"шибка: некорректная ссылка"",COUNTIF('Справочники'!$A$4:$A$24,C60)=0,""Ошибка: территория вне справочника"",K60=""Недоступен"",""Ошибка: ссылка недоступна"",E60=""Неофициальный источник"",IF(K60=""Активен"",""Готово"",""Проверить: активность""),I60<>""Под"&"тверждено"",""Проверить: официальность / комментарий"",K60<>""Активен"",""Проверить: активность"",AND(ISNUMBER(J60),J60<TODAY()-30),""Проверить: публикации старше 30 дней"",TRUE,""Готово""))"),"Готово") -> Готово
A61: Максим | B61: 46267 | C61: Республика Коми | D61: Министерство строительства и ЖКХ Республики Коми | E61: Региональный орган власти | F61: MAX | G61: Минстрой Республики Коми | H61: https://max.ru/minstrrk | I61: Подтверждено | K61: Активен | L61: Не заполнено: Название. | M61: =IFERROR(__xludf.DUMMYFUNCTION("IF(COUNTA(A61:L61)=0,"""",IFS(AND(H61<>"""",COUNTIF($H$6:$H$504,H61)>1),""Ошибка: повтор URL"",OR(A61="""",B61="""",C61="""",D61="""",E61="""",F61="""",G61="""",H61="""",K61=""""),""Ошибка: обязательные поля"",NOT(REGEXMATCH(H61,""^https?://[^ /]+"")),""О"&"шибка: некорректная ссылка"",COUNTIF('Справочники'!$A$4:$A$24,C61)=0,""Ошибка: территория вне справочника"",K61=""Недоступен"",""Ошибка: ссылка недоступна"",E61=""Неофициальный источник"",IF(K61=""Активен"",""Готово"",""Проверить: активность""),I61<>""Под"&"тверждено"",""Проверить: официальность / комментарий"",K61<>""Активен"",""Проверить: активность"",AND(ISNUMBER(J61),J61<TODAY()-30),""Проверить: публикации старше 30 дней"",TRUE,""Готово""))"),"Готово") -> Готово
A62: Максим | B62: 46267 | C62: Республика Коми | D62: Министерство труда и социальной защиты Республики Коми | E62: Региональный орган власти | F62: MAX | G62: Минтрудсоц Республики Коми | H62: https://max.ru/socialkomi | I62: Подтверждено | K62: Активен | L62: Не заполнено: Название. | M62: =IFERROR(__xludf.DUMMYFUNCTION("IF(COUNTA(A62:L62)=0,"""",IFS(AND(H62<>"""",COUNTIF($H$6:$H$504,H62)>1),""Ошибка: повтор URL"",OR(A62="""",B62="""",C62="""",D62="""",E62="""",F62="""",G62="""",H62="""",K62=""""),""Ошибка: обязательные поля"",NOT(REGEXMATCH(H62,""^https?://[^ /]+"")),""О"&"шибка: некорректная ссылка"",COUNTIF('Справочники'!$A$4:$A$24,C62)=0,""Ошибка: территория вне справочника"",K62=""Недоступен"",""Ошибка: ссылка недоступна"",E62=""Неофициальный источник"",IF(K62=""Активен"",""Готово"",""Проверить: активность""),I62<>""Под"&"тверждено"",""Проверить: официальность / комментарий"",K62<>""Активен"",""Проверить: активность"",AND(ISNUMBER(J62),J62<TODAY()-30),""Проверить: публикации старше 30 дней"",TRUE,""Готово""))"),"Готово") -> Готово
A63: Максим | B63: 46267 | C63: Республика Коми | D63: Ростислав Гольдштейн | E63: Региональный орган власти | F63: MAX | G63: Гольдштейн | Республика Коми | H63: https://max.ru/goldshtein_komi | I63: Подтверждено | K63: Активен | L63: Не заполнено: Название. | M63: =IFERROR(__xludf.DUMMYFUNCTION("IF(COUNTA(A63:L63)=0,"""",IFS(AND(H63<>"""",COUNTIF($H$6:$H$504,H63)>1),""Ошибка: повтор URL"",OR(A63="""",B63="""",C63="""",D63="""",E63="""",F63="""",G63="""",H63="""",K63=""""),""Ошибка: обязательные поля"",NOT(REGEXMATCH(H63,""^https?://[^ /]+"")),""О"&"шибка: некорректная ссылка"",COUNTIF('Справочники'!$A$4:$A$24,C63)=0,""Ошибка: территория вне справочника"",K63=""Недоступен"",""Ошибка: ссылка недоступна"",E63=""Неофициальный источник"",IF(K63=""Активен"",""Готово"",""Проверить: активность""),I63<>""Под"&"тверждено"",""Проверить: официальность / комментарий"",K63<>""Активен"",""Проверить: активность"",AND(ISNUMBER(J63),J63<TODAY()-30),""Проверить: публикации старше 30 дней"",TRUE,""Готово""))"),"Готово") -> Готово
A64: Максим | B64: 46267 | C64: Сыктывкар | D64: Администрация Сыктывкара | E64: Администрация муниципалитета | F64: MAX | G64: Администрация Сыктывкара | H64: https://max.ru/amogosykt | I64: Подтверждено | K64: Активен | L64: Не заполнено: Название. | M64: =IFERROR(__xludf.DUMMYFUNCTION("IF(COUNTA(A64:L64)=0,"""",IFS(AND(H64<>"""",COUNTIF($H$6:$H$504,H64)>1),""Ошибка: повтор URL"",OR(A64="""",B64="""",C64="""",D64="""",E64="""",F64="""",G64="""",H64="""",K64=""""),""Ошибка: обязательные поля"",NOT(REGEXMATCH(H64,""^https?://[^ /]+"")),""О"&"шибка: некорректная ссылка"",COUNTIF('Справочники'!$A$4:$A$24,C64)=0,""Ошибка: территория вне справочника"",K64=""Недоступен"",""Ошибка: ссылка недоступна"",E64=""Неофициальный источник"",IF(K64=""Активен"",""Готово"",""Проверить: активность""),I64<>""Под"&"тверждено"",""Проверить: официальность / комментарий"",K64<>""Активен"",""Проверить: активность"",AND(ISNUMBER(J64),J64<TODAY()-30),""Проверить: публикации старше 30 дней"",TRUE,""Готово""))"),"Готово") -> Готово
A65: Максим | B65: 46267 | C65: Сыктывкар | D65: Администрация Эжвинского района | E65: Администрация муниципалитета | F65: MAX | G65: Администрация Эжвинского района МО ГО "Сыктывкар | H65: https://max.ru/ezhva_adm | I65: Подтверждено | K65: Активен | L65: Не заполнено: Название. | M65: =IFERROR(__xludf.DUMMYFUNCTION("IF(COUNTA(A65:L65)=0,"""",IFS(AND(H65<>"""",COUNTIF($H$6:$H$504,H65)>1),""Ошибка: повтор URL"",OR(A65="""",B65="""",C65="""",D65="""",E65="""",F65="""",G65="""",H65="""",K65=""""),""Ошибка: обязательные поля"",NOT(REGEXMATCH(H65,""^https?://[^ /]+"")),""О"&"шибка: некорректная ссылка"",COUNTIF('Справочники'!$A$4:$A$24,C65)=0,""Ошибка: территория вне справочника"",K65=""Недоступен"",""Ошибка: ссылка недоступна"",E65=""Неофициальный источник"",IF(K65=""Активен"",""Готово"",""Проверить: активность""),I65<>""Под"&"тверждено"",""Проверить: официальность / комментарий"",K65<>""Активен"",""Проверить: активность"",AND(ISNUMBER(J65),J65<TODAY()-30),""Проверить: публикации старше 30 дней"",TRUE,""Готово""))"),"Готово") -> Готово
A66: Максим | B66: 46267 | C66: Сыктывкар | D66: Максим Мартышин | E66: Глава муниципалитета | F66: MAX | G66: Максим Мартышин | H66: https://max.ru/channel_maximmart2903 | I66: Подтверждено | K66: Активен | L66: Не заполнено: Название. | M66: =IFERROR(__xludf.DUMMYFUNCTION("IF(COUNTA(A66:L66)=0,"""",IFS(AND(H66<>"""",COUNTIF($H$6:$H$504,H66)>1),""Ошибка: повтор URL"",OR(A66="""",B66="""",C66="""",D66="""",E66="""",F66="""",G66="""",H66="""",K66=""""),""Ошибка: обязательные поля"",NOT(REGEXMATCH(H66,""^https?://[^ /]+"")),""О"&"шибка: некорректная ссылка"",COUNTIF('Справочники'!$A$4:$A$24,C66)=0,""Ошибка: территория вне справочника"",K66=""Недоступен"",""Ошибка: ссылка недоступна"",E66=""Неофициальный источник"",IF(K66=""Активен"",""Готово"",""Проверить: активность""),I66<>""Под"&"тверждено"",""Проверить: официальность / комментарий"",K66<>""Активен"",""Проверить: активность"",AND(ISNUMBER(J66),J66<TODAY()-30),""Проверить: публикации старше 30 дней"",TRUE,""Готово""))"),"Готово") -> Готово
A67: Максим | B67: 46267 | C67: Сыктывкар | D67: Сыктывкар №1 | E67: Неофициальный источник | F67: MAX | G67: Сыктывкар №1 | H67: https://max.ru/syktyvkar01 | I67: Подтверждено | K67: Активен | L67: Не заполнено: Тип источника, Название. | M67: =IFERROR(__xludf.DUMMYFUNCTION("IF(COUNTA(A67:L67)=0,"""",IFS(AND(H67<>"""",COUNTIF($H$6:$H$504,H67)>1),""Ошибка: повтор URL"",OR(A67="""",B67="""",C67="""",D67="""",E67="""",F67="""",G67="""",H67="""",K67=""""),""Ошибка: обязательные поля"",NOT(REGEXMATCH(H67,""^https?://[^ /]+"")),""О"&"шибка: некорректная ссылка"",COUNTIF('Справочники'!$A$4:$A$24,C67)=0,""Ошибка: территория вне справочника"",K67=""Недоступен"",""Ошибка: ссылка недоступна"",E67=""Неофициальный источник"",IF(K67=""Активен"",""Готово"",""Проверить: активность""),I67<>""Под"&"тверждено"",""Проверить: официальность / комментарий"",K67<>""Активен"",""Проверить: активность"",AND(ISNUMBER(J67),J67<TODAY()-30),""Проверить: публикации старше 30 дней"",TRUE,""Готово""))"),"Готово") -> Готово
A68: Максим | B68: 46267 | C68: Ухта | D68: Ухтинский государственный технический университет | E68: Муниципальное учреждение | F68: MAX | G68: УГТУ | Ухта | H68: https://max.ru/id1102011331_biz | I68: Подтверждено | K68: Активен | L68: Не заполнено: Название. | M68: =IFERROR(__xludf.DUMMYFUNCTION("IF(COUNTA(A68:L68)=0,"""",IFS(AND(H68<>"""",COUNTIF($H$6:$H$504,H68)>1),""Ошибка: повтор URL"",OR(A68="""",B68="""",C68="""",D68="""",E68="""",F68="""",G68="""",H68="""",K68=""""),""Ошибка: обязательные поля"",NOT(REGEXMATCH(H68,""^https?://[^ /]+"")),""О"&"шибка: некорректная ссылка"",COUNTIF('Справочники'!$A$4:$A$24,C68)=0,""Ошибка: территория вне справочника"",K68=""Недоступен"",""Ошибка: ссылка недоступна"",E68=""Неофициальный источник"",IF(K68=""Активен"",""Готово"",""Проверить: активность""),I68<>""Под"&"тверждено"",""Проверить: официальность / комментарий"",K68<>""Активен"",""Проверить: активность"",AND(ISNUMBER(J68),J68<TODAY()-30),""Проверить: публикации старше 30 дней"",TRUE,""Готово""))"),"Готово") -> Готово
A69: Максим | B69: 46267 | C69: Республика Коми | D69: Республика Коми | E69: Официальная пресс-служба | F69: MAX | G69: Команда Республики Коми | H69: https://max.ru/pressrkomi | I69: Подтверждено | K69: Активен | L69: Не заполнено: Муниципалитет, Тип источника, Название. | M69: =IFERROR(__xludf.DUMMYFUNCTION("IF(COUNTA(A69:L69)=0,"""",IFS(AND(H69<>"""",COUNTIF($H$6:$H$504,H69)>1),""Ошибка: повтор URL"",OR(A69="""",B69="""",C69="""",D69="""",E69="""",F69="""",G69="""",H69="""",K69=""""),""Ошибка: обязательные поля"",NOT(REGEXMATCH(H69,""^https?://[^ /]+"")),""О"&"шибка: некорректная ссылка"",COUNTIF('Справочники'!$A$4:$A$24,C69)=0,""Ошибка: территория вне справочника"",K69=""Недоступен"",""Ошибка: ссылка недоступна"",E69=""Неофициальный источник"",IF(K69=""Активен"",""Готово"",""Проверить: активность""),I69<>""Под"&"тверждено"",""Проверить: официальность / комментарий"",K69<>""Активен"",""Проверить: активность"",AND(ISNUMBER(J69),J69<TODAY()-30),""Проверить: публикации старше 30 дней"",TRUE,""Готово""))"),"Готово") -> Готово
A70: Максим | B70: 46267 | C70: Республика Коми | D70: Юрган | E70: Официальная пресс-служба | F70: MAX | G70: Юрган | H70: https://max.ru/yurgankomi | I70: Подтверждено | K70: Активен | L70: Не заполнено: Муниципалитет, Тип источника, Название. | M70: =IFERROR(__xludf.DUMMYFUNCTION("IF(COUNTA(A70:L70)=0,"""",IFS(AND(H70<>"""",COUNTIF($H$6:$H$504,H70)>1),""Ошибка: повтор URL"",OR(A70="""",B70="""",C70="""",D70="""",E70="""",F70="""",G70="""",H70="""",K70=""""),""Ошибка: обязательные поля"",NOT(REGEXMATCH(H70,""^https?://[^ /]+"")),""О"&"шибка: некорректная ссылка"",COUNTIF('Справочники'!$A$4:$A$24,C70)=0,""Ошибка: территория вне справочника"",K70=""Недоступен"",""Ошибка: ссылка недоступна"",E70=""Неофициальный источник"",IF(K70=""Активен"",""Готово"",""Проверить: активность""),I70<>""Под"&"тверждено"",""Проверить: официальность / комментарий"",K70<>""Активен"",""Проверить: активность"",AND(ISNUMBER(J70),J70<TODAY()-30),""Проверить: публикации старше 30 дней"",TRUE,""Готово""))"),"Готово") -> Готово
A71: Максим | B71: 46267 | C71: Воркута | D71: Администрация Воркуты | E71: Администрация муниципалитета | F71: Официальный сайт | G71: Администрация Воркуты | H71: https://vorkuta.gosuslugi.ru/dlya-zhiteley/novosti-i-reportazhi/ | I71: Подтверждено | J71: 46266 | K71: Активен | L71: Свежая публикация: 01.09.2026.. | M71: =IFERROR(__xludf.DUMMYFUNCTION("IF(COUNTA(A71:L71)=0,"""",IFS(AND(H71<>"""",COUNTIF($H$6:$H$504,H71)>1),""Ошибка: повтор URL"",OR(A71="""",B71="""",C71="""",D71="""",E71="""",F71="""",G71="""",H71="""",K71=""""),""Ошибка: обязательные поля"",NOT(REGEXMATCH(H71,""^https?://[^ /]+"")),""О"&"шибка: некорректная ссылка"",COUNTIF('Справочники'!$A$4:$A$24,C71)=0,""Ошибка: территория вне справочника"",K71=""Недоступен"",""Ошибка: ссылка недоступна"",E71=""Неофициальный источник"",IF(K71=""Активен"",""Готово"",""Проверить: активность""),I71<>""Под"&"тверждено"",""Проверить: официальность / комментарий"",K71<>""Активен"",""Проверить: активность"",AND(ISNUMBER(J71),J71<TODAY()-30),""Проверить: публикации старше 30 дней"",TRUE,""Готово""))"),"Готово") -> Готово
A72: Максим | B72: 46267 | C72: Ухта | D72: Администрация Ухты | E72: Администрация муниципалитета | F72: Официальный сайт | G72: Администрация Ухты | H72: https://mouhta.ru/news/ | I72: Подтверждено | K72: Активен | L72: Проверено 02.09.2026: доступен. | M72: =IFERROR(__xludf.DUMMYFUNCTION("IF(COUNTA(A72:L72)=0,"""",IFS(AND(H72<>"""",COUNTIF($H$6:$H$504,H72)>1),""Ошибка: повтор URL"",OR(A72="""",B72="""",C72="""",D72="""",E72="""",F72="""",G72="""",H72="""",K72=""""),""Ошибка: обязательные поля"",NOT(REGEXMATCH(H72,""^https?://[^ /]+"")),""О"&"шибка: некорректная ссылка"",COUNTIF('Справочники'!$A$4:$A$24,C72)=0,""Ошибка: территория вне справочника"",K72=""Недоступен"",""Ошибка: ссылка недоступна"",E72=""Неофициальный источник"",IF(K72=""Активен"",""Готово"",""Проверить: активность""),I72<>""Под"&"тверждено"",""Проверить: официальность / комментарий"",K72<>""Активен"",""Проверить: активность"",AND(ISNUMBER(J72),J72<TODAY()-30),""Проверить: публикации старше 30 дней"",TRUE,""Готово""))"),"Готово") -> Готово
A73: Максим | B73: 46267 | C73: Воркута | D73: ВоркутаУголь | E73: Другое официальное | F73: Официальный сайт | G73: Воркута Уголь | H73: https://vorkutaugol.ru/vu-media/news | I73: Подтверждено | K73: Активен | L73: Проверено 02.09.2026: доступен. | M73: =IFERROR(__xludf.DUMMYFUNCTION("IF(COUNTA(A73:L73)=0,"""",IFS(AND(H73<>"""",COUNTIF($H$6:$H$504,H73)>1),""Ошибка: повтор URL"",OR(A73="""",B73="""",C73="""",D73="""",E73="""",F73="""",G73="""",H73="""",K73=""""),""Ошибка: обязательные поля"",NOT(REGEXMATCH(H73,""^https?://[^ /]+"")),""О"&"шибка: некорректная ссылка"",COUNTIF('Справочники'!$A$4:$A$24,C73)=0,""Ошибка: территория вне справочника"",K73=""Недоступен"",""Ошибка: ссылка недоступна"",E73=""Неофициальный источник"",IF(K73=""Активен"",""Готово"",""Проверить: активность""),I73<>""Под"&"тверждено"",""Проверить: официальность / комментарий"",K73<>""Активен"",""Проверить: активность"",AND(ISNUMBER(J73),J73<TODAY()-30),""Проверить: публикации старше 30 дней"",TRUE,""Готово""))"),"Готово") -> Готово
A74: Максим | B74: 46267 | C74: Воркута | D74: Воркутинский филиал УГТУ | E74: Другое официальное | F74: Официальный сайт | G74: Воркутинский филиал | Ухтинский государственный технический университет | H74: https://vf.ugtu.net | I74: Подтверждено | K74: Активен | L74: Проверено 02.09.2026: доступен. | M74: =IFERROR(__xludf.DUMMYFUNCTION("IF(COUNTA(A74:L74)=0,"""",IFS(AND(H74<>"""",COUNTIF($H$6:$H$504,H74)>1),""Ошибка: повтор URL"",OR(A74="""",B74="""",C74="""",D74="""",E74="""",F74="""",G74="""",H74="""",K74=""""),""Ошибка: обязательные поля"",NOT(REGEXMATCH(H74,""^https?://[^ /]+"")),""О"&"шибка: некорректная ссылка"",COUNTIF('Справочники'!$A$4:$A$24,C74)=0,""Ошибка: территория вне справочника"",K74=""Недоступен"",""Ошибка: ссылка недоступна"",E74=""Неофициальный источник"",IF(K74=""Активен"",""Готово"",""Проверить: активность""),I74<>""Под"&"тверждено"",""Проверить: официальность / комментарий"",K74<>""Активен"",""Проверить: активность"",AND(ISNUMBER(J74),J74<TODAY()-30),""Проверить: публикации старше 30 дней"",TRUE,""Готово""))"),"Готово") -> Готово
A75: Максим | B75: 46267 | C75: Республика Коми | D75: Государственный Совет Республики Коми | E75: Совет / представительный орган | F75: Официальный сайт | G75: Государственный Совет Республики Коми | H75: https://www.gsrk.ru/presscenter/news/ | I75: Подтверждено | K75: Активен | L75: Проверено 02.09.2026: доступен. | M75: =IFERROR(__xludf.DUMMYFUNCTION("IF(COUNTA(A75:L75)=0,"""",IFS(AND(H75<>"""",COUNTIF($H$6:$H$504,H75)>1),""Ошибка: повтор URL"",OR(A75="""",B75="""",C75="""",D75="""",E75="""",F75="""",G75="""",H75="""",K75=""""),""Ошибка: обязательные поля"",NOT(REGEXMATCH(H75,""^https?://[^ /]+"")),""О"&"шибка: некорректная ссылка"",COUNTIF('Справочники'!$A$4:$A$24,C75)=0,""Ошибка: территория вне справочника"",K75=""Недоступен"",""Ошибка: ссылка недоступна"",E75=""Неофициальный источник"",IF(K75=""Активен"",""Готово"",""Проверить: активность""),I75<>""Под"&"тверждено"",""Проверить: официальность / комментарий"",K75<>""Активен"",""Проверить: активность"",AND(ISNUMBER(J75),J75<TODAY()-30),""Проверить: публикации старше 30 дней"",TRUE,""Готово""))"),"Готово") -> Готово
A76: Максим | B76: 46267 | C76: Ухта | D76: Контрольно-счетная палата Ухты | E76: Другое официальное | F76: Официальный сайт | G76: Контрольно-счетная палата муниципального округа «Ухта» Республики Коми | H76: https://ксп-ухта.рф/news/ | I76: Подтверждено | K76: Активен | L76: Проверено 02.09.2026: доступен. | M76: =IFERROR(__xludf.DUMMYFUNCTION("IF(COUNTA(A76:L76)=0,"""",IFS(AND(H76<>"""",COUNTIF($H$6:$H$504,H76)>1),""Ошибка: повтор URL"",OR(A76="""",B76="""",C76="""",D76="""",E76="""",F76="""",G76="""",H76="""",K76=""""),""Ошибка: обязательные поля"",NOT(REGEXMATCH(H76,""^https?://[^ /]+"")),""О"&"шибка: некорректная ссылка"",COUNTIF('Справочники'!$A$4:$A$24,C76)=0,""Ошибка: территория вне справочника"",K76=""Недоступен"",""Ошибка: ссылка недоступна"",E76=""Неофициальный источник"",IF(K76=""Активен"",""Готово"",""Проверить: активность""),I76<>""Под"&"тверждено"",""Проверить: официальность / комментарий"",K76<>""Активен"",""Проверить: активность"",AND(ISNUMBER(J76),J76<TODAY()-30),""Проверить: публикации старше 30 дней"",TRUE,""Готово""))"),"Готово") -> Готово
A77: Максим | B77: 46267 | C77: Республика Коми | D77: Министерство закупок Республики Коми | E77: Региональный орган власти | F77: Официальный сайт | G77: Министерство закупок Республики Коми | H77: https://zakupki.rkomi.ru/presscenter/news/ | I77: Подтверждено | K77: Активен | L77: Проверено 02.09.2026: доступен. | M77: =IFERROR(__xludf.DUMMYFUNCTION("IF(COUNTA(A77:L77)=0,"""",IFS(AND(H77<>"""",COUNTIF($H$6:$H$504,H77)>1),""Ошибка: повтор URL"",OR(A77="""",B77="""",C77="""",D77="""",E77="""",F77="""",G77="""",H77="""",K77=""""),""Ошибка: обязательные поля"",NOT(REGEXMATCH(H77,""^https?://[^ /]+"")),""О"&"шибка: некорректная ссылка"",COUNTIF('Справочники'!$A$4:$A$24,C77)=0,""Ошибка: территория вне справочника"",K77=""Недоступен"",""Ошибка: ссылка недоступна"",E77=""Неофициальный источник"",IF(K77=""Активен"",""Готово"",""Проверить: активность""),I77<>""Под"&"тверждено"",""Проверить: официальность / комментарий"",K77<>""Активен"",""Проверить: активность"",AND(ISNUMBER(J77),J77<TODAY()-30),""Проверить: публикации старше 30 дней"",TRUE,""Готово""))"),"Готово") -> Готово
A78: Максим | B78: 46267 | C78: Республика Коми | D78: Министерство здравоохранения Республики Коми | E78: Региональный орган власти | F78: Официальный сайт | G78: Министерство здравоохранения Республики Коми | H78: https://minzdrav.rkomi.ru/presscenter/news/ | I78: Подтверждено | K78: Активен | L78: Проверено 02.09.2026: доступен. | M78: =IFERROR(__xludf.DUMMYFUNCTION("IF(COUNTA(A78:L78)=0,"""",IFS(AND(H78<>"""",COUNTIF($H$6:$H$504,H78)>1),""Ошибка: повтор URL"",OR(A78="""",B78="""",C78="""",D78="""",E78="""",F78="""",G78="""",H78="""",K78=""""),""Ошибка: обязательные поля"",NOT(REGEXMATCH(H78,""^https?://[^ /]+"")),""О"&"шибка: некорректная ссылка"",COUNTIF('Справочники'!$A$4:$A$24,C78)=0,""Ошибка: территория вне справочника"",K78=""Недоступен"",""Ошибка: ссылка недоступна"",E78=""Неофициальный источник"",IF(K78=""Активен"",""Готово"",""Проверить: активность""),I78<>""Под"&"тверждено"",""Проверить: официальность / комментарий"",K78<>""Активен"",""Проверить: активность"",AND(ISNUMBER(J78),J78<TODAY()-30),""Проверить: публикации старше 30 дней"",TRUE,""Готово""))"),"Готово") -> Готово
A79: Максим | B79: 46267 | C79: Республика Коми | D79: Министерство имущественных и земельных отношений Республики Коми | E79: Региональный орган власти | F79: Официальный сайт | G79: Министерство имущественных и земельных отношений Республики Коми | H79: https://agui.rkomi.ru/presscenter/news/ | I79: Подтверждено | K79: Активен | L79: Проверено 02.09.2026: доступен. | M79: =IFERROR(__xludf.DUMMYFUNCTION("IF(COUNTA(A79:L79)=0,"""",IFS(AND(H79<>"""",COUNTIF($H$6:$H$504,H79)>1),""Ошибка: повтор URL"",OR(A79="""",B79="""",C79="""",D79="""",E79="""",F79="""",G79="""",H79="""",K79=""""),""Ошибка: обязательные поля"",NOT(REGEXMATCH(H79,""^https?://[^ /]+"")),""О"&"шибка: некорректная ссылка"",COUNTIF('Справочники'!$A$4:$A$24,C79)=0,""Ошибка: территория вне справочника"",K79=""Недоступен"",""Ошибка: ссылка недоступна"",E79=""Неофициальный источник"",IF(K79=""Активен"",""Готово"",""Проверить: активность""),I79<>""Под"&"тверждено"",""Проверить: официальность / комментарий"",K79<>""Активен"",""Проверить: активность"",AND(ISNUMBER(J79),J79<TODAY()-30),""Проверить: публикации старше 30 дней"",TRUE,""Готово""))"),"Готово") -> Готово
A80: Максим | B80: 46267 | C80: Республика Коми | D80: Министерство культуры и архивного дела Республики Коми | E80: Региональный орган власти | F80: Официальный сайт | G80: Министерство культуры и архивного дела Республики Коми | H80: https://mincult.rkomi.ru/presscenter/news/ | I80: Подтверждено | K80: Активен | L80: Проверено 02.09.2026: доступен. | M80: =IFERROR(__xludf.DUMMYFUNCTION("IF(COUNTA(A80:L80)=0,"""",IFS(AND(H80<>"""",COUNTIF($H$6:$H$504,H80)>1),""Ошибка: повтор URL"",OR(A80="""",B80="""",C80="""",D80="""",E80="""",F80="""",G80="""",H80="""",K80=""""),""Ошибка: обязательные поля"",NOT(REGEXMATCH(H80,""^https?://[^ /]+"")),""О"&"шибка: некорректная ссылка"",COUNTIF('Справочники'!$A$4:$A$24,C80)=0,""Ошибка: территория вне справочника"",K80=""Недоступен"",""Ошибка: ссылка недоступна"",E80=""Неофициальный источник"",IF(K80=""Активен"",""Готово"",""Проверить: активность""),I80<>""Под"&"тверждено"",""Проверить: официальность / комментарий"",K80<>""Активен"",""Проверить: активность"",AND(ISNUMBER(J80),J80<TODAY()-30),""Проверить: публикации старше 30 дней"",TRUE,""Готово""))"),"Готово") -> Готово
A81: Максим | B81: 46267 | C81: Республика Коми | D81: Министерство молодежной политики Республики Коми | E81: Региональный орган власти | F81: Официальный сайт | G81: Министерство молодежной политики Республики Коми | H81: https://molodezh.rkomi.ru/presscenter/news/ | I81: Подтверждено | K81: Активен | L81: Проверено 02.09.2026: доступен. | M81: =IFERROR(__xludf.DUMMYFUNCTION("IF(COUNTA(A81:L81)=0,"""",IFS(AND(H81<>"""",COUNTIF($H$6:$H$504,H81)>1),""Ошибка: повтор URL"",OR(A81="""",B81="""",C81="""",D81="""",E81="""",F81="""",G81="""",H81="""",K81=""""),""Ошибка: обязательные поля"",NOT(REGEXMATCH(H81,""^https?://[^ /]+"")),""О"&"шибка: некорректная ссылка"",COUNTIF('Справочники'!$A$4:$A$24,C81)=0,""Ошибка: территория вне справочника"",K81=""Недоступен"",""Ошибка: ссылка недоступна"",E81=""Неофициальный источник"",IF(K81=""Активен"",""Готово"",""Проверить: активность""),I81<>""Под"&"тверждено"",""Проверить: официальность / комментарий"",K81<>""Активен"",""Проверить: активность"",AND(ISNUMBER(J81),J81<TODAY()-30),""Проверить: публикации старше 30 дней"",TRUE,""Готово""))"),"Готово") -> Готово
A82: Максим | B82: 46267 | C82: Республика Коми | D82: Министерство национальной политики Республики Коми | E82: Региональный орган власти | F82: Официальный сайт | G82: Министерство национальной политики Республики Коми | H82: https://minnats.rkomi.ru/presscenter/news/ | I82: Подтверждено | K82: Активен | L82: Проверено 02.09.2026: доступен. | M82: =IFERROR(__xludf.DUMMYFUNCTION("IF(COUNTA(A82:L82)=0,"""",IFS(AND(H82<>"""",COUNTIF($H$6:$H$504,H82)>1),""Ошибка: повтор URL"",OR(A82="""",B82="""",C82="""",D82="""",E82="""",F82="""",G82="""",H82="""",K82=""""),""Ошибка: обязательные поля"",NOT(REGEXMATCH(H82,""^https?://[^ /]+"")),""О"&"шибка: некорректная ссылка"",COUNTIF('Справочники'!$A$4:$A$24,C82)=0,""Ошибка: территория вне справочника"",K82=""Недоступен"",""Ошибка: ссылка недоступна"",E82=""Неофициальный источник"",IF(K82=""Активен"",""Готово"",""Проверить: активность""),I82<>""Под"&"тверждено"",""Проверить: официальность / комментарий"",K82<>""Активен"",""Проверить: активность"",AND(ISNUMBER(J82),J82<TODAY()-30),""Проверить: публикации старше 30 дней"",TRUE,""Готово""))"),"Готово") -> Готово
A83: Максим | B83: 46267 | C83: Республика Коми | D83: Министерство образования и науки Республики Коми | E83: Региональный орган власти | F83: Официальный сайт | G83: Министерство образования и науки Республики Коми | H83: https://minobr.rkomi.ru/presscenter/news/ | I83: Подтверждено | K83: Активен | L83: Проверено 02.09.2026: доступен. | M83: =IFERROR(__xludf.DUMMYFUNCTION("IF(COUNTA(A83:L83)=0,"""",IFS(AND(H83<>"""",COUNTIF($H$6:$H$504,H83)>1),""Ошибка: повтор URL"",OR(A83="""",B83="""",C83="""",D83="""",E83="""",F83="""",G83="""",H83="""",K83=""""),""Ошибка: обязательные поля"",NOT(REGEXMATCH(H83,""^https?://[^ /]+"")),""О"&"шибка: некорректная ссылка"",COUNTIF('Справочники'!$A$4:$A$24,C83)=0,""Ошибка: территория вне справочника"",K83=""Недоступен"",""Ошибка: ссылка недоступна"",E83=""Неофициальный источник"",IF(K83=""Активен"",""Готово"",""Проверить: активность""),I83<>""Под"&"тверждено"",""Проверить: официальность / комментарий"",K83<>""Активен"",""Проверить: активность"",AND(ISNUMBER(J83),J83<TODAY()-30),""Проверить: публикации старше 30 дней"",TRUE,""Готово""))"),"Готово") -> Готово
A84: Максим | B84: 46267 | C84: Республика Коми | D84: Министерство природных ресурсов и экологии Республики Коми | E84: Региональный орган власти | F84: Официальный сайт | G84: Министерство природных ресурсов и экологии Республики Коми | H84: https://mpr.rkomi.ru/presscenter/news/ | I84: Подтверждено | K84: Активен | L84: Проверено 02.09.2026: доступен. | M84: =IFERROR(__xludf.DUMMYFUNCTION("IF(COUNTA(A84:L84)=0,"""",IFS(AND(H84<>"""",COUNTIF($H$6:$H$504,H84)>1),""Ошибка: повтор URL"",OR(A84="""",B84="""",C84="""",D84="""",E84="""",F84="""",G84="""",H84="""",K84=""""),""Ошибка: обязательные поля"",NOT(REGEXMATCH(H84,""^https?://[^ /]+"")),""О"&"шибка: некорректная ссылка"",COUNTIF('Справочники'!$A$4:$A$24,C84)=0,""Ошибка: территория вне справочника"",K84=""Недоступен"",""Ошибка: ссылка недоступна"",E84=""Неофициальный источник"",IF(K84=""Активен"",""Готово"",""Проверить: активность""),I84<>""Под"&"тверждено"",""Проверить: официальность / комментарий"",K84<>""Активен"",""Проверить: активность"",AND(ISNUMBER(J84),J84<TODAY()-30),""Проверить: публикации старше 30 дней"",TRUE,""Готово""))"),"Готово") -> Готово
A85: Максим | B85: 46267 | C85: Республика Коми | D85: Министерство сельского хозяйства и торговли Республики Коми | E85: Региональный орган власти | F85: Официальный сайт | G85: Министерство сельского хозяйства и торговли Республики Коми | H85: https://mshp.rkomi.ru/presscenter/news/ | I85: Подтверждено | K85: Активен | L85: Проверено 02.09.2026: доступен. | M85: =IFERROR(__xludf.DUMMYFUNCTION("IF(COUNTA(A85:L85)=0,"""",IFS(AND(H85<>"""",COUNTIF($H$6:$H$504,H85)>1),""Ошибка: повтор URL"",OR(A85="""",B85="""",C85="""",D85="""",E85="""",F85="""",G85="""",H85="""",K85=""""),""Ошибка: обязательные поля"",NOT(REGEXMATCH(H85,""^https?://[^ /]+"")),""О"&"шибка: некорректная ссылка"",COUNTIF('Справочники'!$A$4:$A$24,C85)=0,""Ошибка: территория вне справочника"",K85=""Недоступен"",""Ошибка: ссылка недоступна"",E85=""Неофициальный источник"",IF(K85=""Активен"",""Готово"",""Проверить: активность""),I85<>""Под"&"тверждено"",""Проверить: официальность / комментарий"",K85<>""Активен"",""Проверить: активность"",AND(ISNUMBER(J85),J85<TODAY()-30),""Проверить: публикации старше 30 дней"",TRUE,""Готово""))"),"Готово") -> Готово
A86: Максим | B86: 46267 | C86: Республика Коми | D86: Министерство строительства и ЖКХ Республики Коми | E86: Региональный орган власти | F86: Официальный сайт | G86: Министерство строительства и ЖКХ Республики Коми | H86: https://arch.rkomi.ru/presscenter/news/ | I86: Подтверждено | K86: Активен | L86: Проверено 02.09.2026: доступен. | M86: =IFERROR(__xludf.DUMMYFUNCTION("IF(COUNTA(A86:L86)=0,"""",IFS(AND(H86<>"""",COUNTIF($H$6:$H$504,H86)>1),""Ошибка: повтор URL"",OR(A86="""",B86="""",C86="""",D86="""",E86="""",F86="""",G86="""",H86="""",K86=""""),""Ошибка: обязательные поля"",NOT(REGEXMATCH(H86,""^https?://[^ /]+"")),""О"&"шибка: некорректная ссылка"",COUNTIF('Справочники'!$A$4:$A$24,C86)=0,""Ошибка: территория вне справочника"",K86=""Недоступен"",""Ошибка: ссылка недоступна"",E86=""Неофициальный источник"",IF(K86=""Активен"",""Готово"",""Проверить: активность""),I86<>""Под"&"тверждено"",""Проверить: официальность / комментарий"",K86<>""Активен"",""Проверить: активность"",AND(ISNUMBER(J86),J86<TODAY()-30),""Проверить: публикации старше 30 дней"",TRUE,""Готово""))"),"Готово") -> Готово
A87: Максим | B87: 46267 | C87: Республика Коми | D87: Министерство тарифного регулирования Республики Коми | E87: Региональный орган власти | F87: Официальный сайт | G87: Министерство тарифного регулирования Республики Коми | H87: https://komirec.rkomi.ru/presscenter/news/ | I87: Подтверждено | K87: Активен | L87: Проверено 02.09.2026: доступен. | M87: =IFERROR(__xludf.DUMMYFUNCTION("IF(COUNTA(A87:L87)=0,"""",IFS(AND(H87<>"""",COUNTIF($H$6:$H$504,H87)>1),""Ошибка: повтор URL"",OR(A87="""",B87="""",C87="""",D87="""",E87="""",F87="""",G87="""",H87="""",K87=""""),""Ошибка: обязательные поля"",NOT(REGEXMATCH(H87,""^https?://[^ /]+"")),""О"&"шибка: некорректная ссылка"",COUNTIF('Справочники'!$A$4:$A$24,C87)=0,""Ошибка: территория вне справочника"",K87=""Недоступен"",""Ошибка: ссылка недоступна"",E87=""Неофициальный источник"",IF(K87=""Активен"",""Готово"",""Проверить: активность""),I87<>""Под"&"тверждено"",""Проверить: официальность / комментарий"",K87<>""Активен"",""Проверить: активность"",AND(ISNUMBER(J87),J87<TODAY()-30),""Проверить: публикации старше 30 дней"",TRUE,""Готово""))"),"Готово") -> Готово
A88: Максим | B88: 46267 | C88: Республика Коми | D88: Министерство труда и социальной защиты Республики Коми | E88: Региональный орган власти | F88: Официальный сайт | G88: Министерство труда и социальной защиты Республики Коми | H88: https://mintrudsoc.rkomi.ru/presscenter/news/ | I88: Подтверждено | K88: Активен | L88: Проверено 02.09.2026: доступен. | M88: =IFERROR(__xludf.DUMMYFUNCTION("IF(COUNTA(A88:L88)=0,"""",IFS(AND(H88<>"""",COUNTIF($H$6:$H$504,H88)>1),""Ошибка: повтор URL"",OR(A88="""",B88="""",C88="""",D88="""",E88="""",F88="""",G88="""",H88="""",K88=""""),""Ошибка: обязательные поля"",NOT(REGEXMATCH(H88,""^https?://[^ /]+"")),""О"&"шибка: некорректная ссылка"",COUNTIF('Справочники'!$A$4:$A$24,C88)=0,""Ошибка: территория вне справочника"",K88=""Недоступен"",""Ошибка: ссылка недоступна"",E88=""Неофициальный источник"",IF(K88=""Активен"",""Готово"",""Проверить: активность""),I88<>""Под"&"тверждено"",""Проверить: официальность / комментарий"",K88<>""Активен"",""Проверить: активность"",AND(ISNUMBER(J88),J88<TODAY()-30),""Проверить: публикации старше 30 дней"",TRUE,""Готово""))"),"Готово") -> Готово
A89: Максим | B89: 46267 | C89: Республика Коми | D89: Министерство физической культуры и спорта Республики Коми | E89: Региональный орган власти | F89: Официальный сайт | G89: Министерство физической культуры и спорта Республики Коми | H89: https://sport.rkomi.ru/presscenter/news/ | I89: Подтверждено | K89: Активен | L89: Проверено 02.09.2026: доступен. | M89: =IFERROR(__xludf.DUMMYFUNCTION("IF(COUNTA(A89:L89)=0,"""",IFS(AND(H89<>"""",COUNTIF($H$6:$H$504,H89)>1),""Ошибка: повтор URL"",OR(A89="""",B89="""",C89="""",D89="""",E89="""",F89="""",G89="""",H89="""",K89=""""),""Ошибка: обязательные поля"",NOT(REGEXMATCH(H89,""^https?://[^ /]+"")),""О"&"шибка: некорректная ссылка"",COUNTIF('Справочники'!$A$4:$A$24,C89)=0,""Ошибка: территория вне справочника"",K89=""Недоступен"",""Ошибка: ссылка недоступна"",E89=""Неофициальный источник"",IF(K89=""Активен"",""Готово"",""Проверить: активность""),I89<>""Под"&"тверждено"",""Проверить: официальность / комментарий"",K89<>""Активен"",""Проверить: активность"",AND(ISNUMBER(J89),J89<TODAY()-30),""Проверить: публикации старше 30 дней"",TRUE,""Готово""))"),"Готово") -> Готово
A90: Максим | B90: 46267 | C90: Республика Коми | D90: Министерство финансов Республики Коми | E90: Региональный орган власти | F90: Официальный сайт | G90: Министерство финансов Республики Коми | H90: https://minfin.rkomi.ru/presscenter/news/ | I90: Подтверждено | K90: Активен | L90: Проверено 02.09.2026: доступен. | M90: =IFERROR(__xludf.DUMMYFUNCTION("IF(COUNTA(A90:L90)=0,"""",IFS(AND(H90<>"""",COUNTIF($H$6:$H$504,H90)>1),""Ошибка: повтор URL"",OR(A90="""",B90="""",C90="""",D90="""",E90="""",F90="""",G90="""",H90="""",K90=""""),""Ошибка: обязательные поля"",NOT(REGEXMATCH(H90,""^https?://[^ /]+"")),""О"&"шибка: некорректная ссылка"",COUNTIF('Справочники'!$A$4:$A$24,C90)=0,""Ошибка: территория вне справочника"",K90=""Недоступен"",""Ошибка: ссылка недоступна"",E90=""Неофициальный источник"",IF(K90=""Активен"",""Готово"",""Проверить: активность""),I90<>""Под"&"тверждено"",""Проверить: официальность / комментарий"",K90<>""Активен"",""Проверить: активность"",AND(ISNUMBER(J90),J90<TODAY()-30),""Проверить: публикации старше 30 дней"",TRUE,""Готово""))"),"Готово") -> Готово
A91: Максим | B91: 46267 | C91: Республика Коми | D91: Министерство цифрового развития и связи Республики Коми | E91: Региональный орган власти | F91: Официальный сайт | G91: Министерство цифрового развития и связи Республики Коми | H91: https://digital.rkomi.ru/presscenter/news/ | I91: Подтверждено | K91: Активен | L91: Проверено 02.09.2026: доступен. | M91: =IFERROR(__xludf.DUMMYFUNCTION("IF(COUNTA(A91:L91)=0,"""",IFS(AND(H91<>"""",COUNTIF($H$6:$H$504,H91)>1),""Ошибка: повтор URL"",OR(A91="""",B91="""",C91="""",D91="""",E91="""",F91="""",G91="""",H91="""",K91=""""),""Ошибка: обязательные поля"",NOT(REGEXMATCH(H91,""^https?://[^ /]+"")),""О"&"шибка: некорректная ссылка"",COUNTIF('Справочники'!$A$4:$A$24,C91)=0,""Ошибка: территория вне справочника"",K91=""Недоступен"",""Ошибка: ссылка недоступна"",E91=""Неофициальный источник"",IF(K91=""Активен"",""Готово"",""Проверить: активность""),I91<>""Под"&"тверждено"",""Проверить: официальность / комментарий"",K91<>""Активен"",""Проверить: активность"",AND(ISNUMBER(J91),J91<TODAY()-30),""Проверить: публикации старше 30 дней"",TRUE,""Готово""))"),"Готово") -> Готово
A92: Максим | B92: 46267 | C92: Республика Коми | D92: Министерство экономического развития и промышленности Республики Коми | E92: Региональный орган власти | F92: Официальный сайт | G92: Министерство экономического развития и промышленности Республики Коми | H92: https://econom.rkomi.ru/presscenter/news/ | I92: Подтверждено | K92: Активен | L92: Проверено 02.09.2026: доступен. | M92: =IFERROR(__xludf.DUMMYFUNCTION("IF(COUNTA(A92:L92)=0,"""",IFS(AND(H92<>"""",COUNTIF($H$6:$H$504,H92)>1),""Ошибка: повтор URL"",OR(A92="""",B92="""",C92="""",D92="""",E92="""",F92="""",G92="""",H92="""",K92=""""),""Ошибка: обязательные поля"",NOT(REGEXMATCH(H92,""^https?://[^ /]+"")),""О"&"шибка: некорректная ссылка"",COUNTIF('Справочники'!$A$4:$A$24,C92)=0,""Ошибка: территория вне справочника"",K92=""Недоступен"",""Ошибка: ссылка недоступна"",E92=""Неофициальный источник"",IF(K92=""Активен"",""Готово"",""Проверить: активность""),I92<>""Под"&"тверждено"",""Проверить: официальность / комментарий"",K92<>""Активен"",""Проверить: активность"",AND(ISNUMBER(J92),J92<TODAY()-30),""Проверить: публикации старше 30 дней"",TRUE,""Готово""))"),"Готово") -> Готово
A93: Максим | B93: 46267 | C93: Республика Коми | D93: Министерство юстиции Республики Коми | E93: Региональный орган власти | F93: Официальный сайт | G93: Министерство юстиции Республики Коми | H93: https://minjust.rkomi.ru/presscenter/news/ | I93: Подтверждено | K93: Активен | L93: Проверено 02.09.2026: доступен. | M93: =IFERROR(__xludf.DUMMYFUNCTION("IF(COUNTA(A93:L93)=0,"""",IFS(AND(H93<>"""",COUNTIF($H$6:$H$504,H93)>1),""Ошибка: повтор URL"",OR(A93="""",B93="""",C93="""",D93="""",E93="""",F93="""",G93="""",H93="""",K93=""""),""Ошибка: обязательные поля"",NOT(REGEXMATCH(H93,""^https?://[^ /]+"")),""О"&"шибка: некорректная ссылка"",COUNTIF('Справочники'!$A$4:$A$24,C93)=0,""Ошибка: территория вне справочника"",K93=""Недоступен"",""Ошибка: ссылка недоступна"",E93=""Неофициальный источник"",IF(K93=""Активен"",""Готово"",""Проверить: активность""),I93<>""Под"&"тверждено"",""Проверить: официальность / комментарий"",K93<>""Активен"",""Проверить: активность"",AND(ISNUMBER(J93),J93<TODAY()-30),""Проверить: публикации старше 30 дней"",TRUE,""Готово""))"),"Готово") -> Готово
A94: Максим | B94: 46267 | C94: Воркута | D94: Дворец творчества детей и молодежи Воркуты | E94: Муниципальное учреждение | F94: Официальный сайт | G94: Новости - Дворец творчества детей и молодежи г. Воркута | H94: https://www.dtdm-vorkuta.ru/novosti | I94: Подтверждено | K94: Активен | L94: Проверено 02.09.2026: доступен. | M94: =IFERROR(__xludf.DUMMYFUNCTION("IF(COUNTA(A94:L94)=0,"""",IFS(AND(H94<>"""",COUNTIF($H$6:$H$504,H94)>1),""Ошибка: повтор URL"",OR(A94="""",B94="""",C94="""",D94="""",E94="""",F94="""",G94="""",H94="""",K94=""""),""Ошибка: обязательные поля"",NOT(REGEXMATCH(H94,""^https?://[^ /]+"")),""О"&"шибка: некорректная ссылка"",COUNTIF('Справочники'!$A$4:$A$24,C94)=0,""Ошибка: территория вне справочника"",K94=""Недоступен"",""Ошибка: ссылка недоступна"",E94=""Неофициальный источник"",IF(K94=""Активен"",""Готово"",""Проверить: активность""),I94<>""Под"&"тверждено"",""Проверить: официальность / комментарий"",K94<>""Активен"",""Проверить: активность"",AND(ISNUMBER(J94),J94<TODAY()-30),""Проверить: публикации старше 30 дней"",TRUE,""Готово""))"),"Готово") -> Готово
A95: Максим | B95: 46267 | C95: Ухта | D95: Ухтаводоканал | E95: Другое официальное | F95: Официальный сайт | G95: Новости — МУП "Ухтаводоканал" | H95: https://ukhtavodokanal.ru/?page_id=37 | I95: Подтверждено | K95: Активен | L95: Проверено 02.09.2026: доступен. | M95: =IFERROR(__xludf.DUMMYFUNCTION("IF(COUNTA(A95:L95)=0,"""",IFS(AND(H95<>"""",COUNTIF($H$6:$H$504,H95)>1),""Ошибка: повтор URL"",OR(A95="""",B95="""",C95="""",D95="""",E95="""",F95="""",G95="""",H95="""",K95=""""),""Ошибка: обязательные поля"",NOT(REGEXMATCH(H95,""^https?://[^ /]+"")),""О"&"шибка: некорректная ссылка"",COUNTIF('Справочники'!$A$4:$A$24,C95)=0,""Ошибка: территория вне справочника"",K95=""Недоступен"",""Ошибка: ссылка недоступна"",E95=""Неофициальный источник"",IF(K95=""Активен"",""Готово"",""Проверить: активность""),I95<>""Под"&"тверждено"",""Проверить: официальность / комментарий"",K95<>""Активен"",""Проверить: активность"",AND(ISNUMBER(J95),J95<TODAY()-30),""Проверить: публикации старше 30 дней"",TRUE,""Готово""))"),"Готово") -> Готово
A96: Максим | B96: 46267 | C96: Сыктывкар | D96: Совет Сыктывкара | E96: Совет / представительный орган | F96: Официальный сайт | G96: Новости | Совет МО ГО «Сыктывкар» | H96: https://syktyvkar-sovet.ru/news/ | I96: Подтверждено | K96: Активен | L96: Проверено 02.09.2026: доступен. | M96: =IFERROR(__xludf.DUMMYFUNCTION("IF(COUNTA(A96:L96)=0,"""",IFS(AND(H96<>"""",COUNTIF($H$6:$H$504,H96)>1),""Ошибка: повтор URL"",OR(A96="""",B96="""",C96="""",D96="""",E96="""",F96="""",G96="""",H96="""",K96=""""),""Ошибка: обязательные поля"",NOT(REGEXMATCH(H96,""^https?://[^ /]+"")),""О"&"шибка: некорректная ссылка"",COUNTIF('Справочники'!$A$4:$A$24,C96)=0,""Ошибка: территория вне справочника"",K96=""Недоступен"",""Ошибка: ссылка недоступна"",E96=""Неофициальный источник"",IF(K96=""Активен"",""Готово"",""Проверить: активность""),I96<>""Под"&"тверждено"",""Проверить: официальность / комментарий"",K96<>""Активен"",""Проверить: активность"",AND(ISNUMBER(J96),J96<TODAY()-30),""Проверить: публикации старше 30 дней"",TRUE,""Готово""))"),"Готово") -> Готово
A97: Максим | B97: 46267 | C97: Республика Коми | D97: Правительство Республики Коми | E97: Региональный орган власти | F97: Официальный сайт | G97: Правительство Республики Коми | H97: https://gov.rkomi.ru/press | I97: Подтверждено | K97: Активен | L97: Проверено 02.09.2026: доступен. | M97: =IFERROR(__xludf.DUMMYFUNCTION("IF(COUNTA(A97:L97)=0,"""",IFS(AND(H97<>"""",COUNTIF($H$6:$H$504,H97)>1),""Ошибка: повтор URL"",OR(A97="""",B97="""",C97="""",D97="""",E97="""",F97="""",G97="""",H97="""",K97=""""),""Ошибка: обязательные поля"",NOT(REGEXMATCH(H97,""^https?://[^ /]+"")),""О"&"шибка: некорректная ссылка"",COUNTIF('Справочники'!$A$4:$A$24,C97)=0,""Ошибка: территория вне справочника"",K97=""Недоступен"",""Ошибка: ссылка недоступна"",E97=""Неофициальный источник"",IF(K97=""Активен"",""Готово"",""Проверить: активность""),I97<>""Под"&"тверждено"",""Проверить: официальность / комментарий"",K97<>""Активен"",""Проверить: активность"",AND(ISNUMBER(J97),J97<TODAY()-30),""Проверить: публикации старше 30 дней"",TRUE,""Готово""))"),"Готово") -> Готово
A98: Максим | B98: 46267 | C98: Республика Коми | D98: Прокуратура Республики Коми | E98: Региональный орган власти | F98: Официальный сайт | G98: Республика Коми | H98: https://epp.genproc.gov.ru/web/proc_11 | I98: Подтверждено | K98: Активен | L98: Проверено 02.09.2026: доступен. | M98: =IFERROR(__xludf.DUMMYFUNCTION("IF(COUNTA(A98:L98)=0,"""",IFS(AND(H98<>"""",COUNTIF($H$6:$H$504,H98)>1),""Ошибка: повтор URL"",OR(A98="""",B98="""",C98="""",D98="""",E98="""",F98="""",G98="""",H98="""",K98=""""),""Ошибка: обязательные поля"",NOT(REGEXMATCH(H98,""^https?://[^ /]+"")),""О"&"шибка: некорректная ссылка"",COUNTIF('Справочники'!$A$4:$A$24,C98)=0,""Ошибка: территория вне справочника"",K98=""Недоступен"",""Ошибка: ссылка недоступна"",E98=""Неофициальный источник"",IF(K98=""Активен"",""Готово"",""Проверить: активность""),I98<>""Под"&"тверждено"",""Проверить: официальность / комментарий"",K98<>""Активен"",""Проверить: активность"",AND(ISNUMBER(J98),J98<TODAY()-30),""Проверить: публикации старше 30 дней"",TRUE,""Готово""))"),"Готово") -> Готово
A99: Максим | B99: 46267 | C99: Сыктывкар | D99: Администрация Сыктывкара | E99: Администрация муниципалитета | F99: Официальный сайт | G99: Сыктывкар | H99: https://сыктывкар.рф/ | I99: Подтверждено | K99: Активен | L99: Проверено 02.09.2026: доступен. | M99: =IFERROR(__xludf.DUMMYFUNCTION("IF(COUNTA(A99:L99)=0,"""",IFS(AND(H99<>"""",COUNTIF($H$6:$H$504,H99)>1),""Ошибка: повтор URL"",OR(A99="""",B99="""",C99="""",D99="""",E99="""",F99="""",G99="""",H99="""",K99=""""),""Ошибка: обязательные поля"",NOT(REGEXMATCH(H99,""^https?://[^ /]+"")),""О"&"шибка: некорректная ссылка"",COUNTIF('Справочники'!$A$4:$A$24,C99)=0,""Ошибка: территория вне справочника"",K99=""Недоступен"",""Ошибка: ссылка недоступна"",E99=""Неофициальный источник"",IF(K99=""Активен"",""Готово"",""Проверить: активность""),I99<>""Под"&"тверждено"",""Проверить: официальность / комментарий"",K99<>""Активен"",""Проверить: активность"",AND(ISNUMBER(J99),J99<TODAY()-30),""Проверить: публикации старше 30 дней"",TRUE,""Готово""))"),"Готово") -> Готово
A100: Максим | B100: 46267 | C100: Сыктывкар | D100: Сыктывкарский ЛПК | E100: Другое официальное | F100: Официальный сайт | G100: Сыктывкарский ЛПК | H100: https://slpk.com/news/ | I100: Подтверждено | K100: Активен | L100: Проверено 02.09.2026: доступен. | M100: =IFERROR(__xludf.DUMMYFUNCTION("IF(COUNTA(A100:L100)=0,"""",IFS(AND(H100<>"""",COUNTIF($H$6:$H$504,H100)>1),""Ошибка: повтор URL"",OR(A100="""",B100="""",C100="""",D100="""",E100="""",F100="""",G100="""",H100="""",K100=""""),""Ошибка: обязательные поля"",NOT(REGEXMATCH(H100,""^https?://"&"[^ /]+"")),""Ошибка: некорректная ссылка"",COUNTIF('Справочники'!$A$4:$A$24,C100)=0,""Ошибка: территория вне справочника"",K100=""Недоступен"",""Ошибка: ссылка недоступна"",E100=""Неофициальный источник"",IF(K100=""Активен"",""Готово"",""Проверить: активн"&"ость""),I100<>""Подтверждено"",""Проверить: официальность / комментарий"",K100<>""Активен"",""Проверить: активность"",AND(ISNUMBER(J100),J100<TODAY()-30),""Проверить: публикации старше 30 дней"",TRUE,""Готово""))"),"Готово") -> Готово
A101: Максим | B101: 46267 | C101: Воркута | D101: Управление образования Воркуты | E101: Муниципальное учреждение | F101: Официальный сайт | G101: Управление образования администрации муниципального округа «Воркута» | H101: https://uprovorcuta.ru/index.php/novosti.html | I101: Подтверждено | K101: Активен | L101: Проверено 02.09.2026: доступен. | M101: =IFERROR(__xludf.DUMMYFUNCTION("IF(COUNTA(A101:L101)=0,"""",IFS(AND(H101<>"""",COUNTIF($H$6:$H$504,H101)>1),""Ошибка: повтор URL"",OR(A101="""",B101="""",C101="""",D101="""",E101="""",F101="""",G101="""",H101="""",K101=""""),""Ошибка: обязательные поля"",NOT(REGEXMATCH(H101,""^https?://"&"[^ /]+"")),""Ошибка: некорректная ссылка"",COUNTIF('Справочники'!$A$4:$A$24,C101)=0,""Ошибка: территория вне справочника"",K101=""Недоступен"",""Ошибка: ссылка недоступна"",E101=""Неофициальный источник"",IF(K101=""Активен"",""Готово"",""Проверить: активн"&"ость""),I101<>""Подтверждено"",""Проверить: официальность / комментарий"",K101<>""Активен"",""Проверить: активность"",AND(ISNUMBER(J101),J101<TODAY()-30),""Проверить: публикации старше 30 дней"",TRUE,""Готово""))"),"Готово") -> Готово
...

Sheet Справочники
A1: Служебные справочники — не редактировать
A3: Муниципалитеты | B3: Категории | C3: Платформы | D3: Стадии | E3: Типы источников | F3: Официальность | G3: Активность | H3: Дубли
A4: Воркута | B4: Власть и кадровые решения | C4: Официальный сайт | D4: Анонс | E4: Администрация муниципалитета | F4: Подтверждено | G4: Активен | H4: Нет
A5: Вуктыл | B5: Бюджет и муниципальные финансы | C5: MAX | D5: Решение принято | E5: Глава муниципалитета | F5: Не подтверждено | G5: Неактивен | H5: Да
A6: Ижемский район | B6: Закупки и контракты | C6: ВКонтакте | D6: Финансирование выделено | E6: Совет / представительный орган | F6: Требует проверки | G6: Недоступен | H6: Нужно проверить
A7: Инта | B7: Строительство и инфраструктура | C7: Telegram | D7: Закупка объявлена | E7: Муниципальное учреждение | G7: Требует проверки
A8: Княжпогостский район | B8: ЖКХ и благоустройство | C8: Одноклассники | D8: Работы начаты | E8: Региональный орган власти
A9: Койгородский район | B9: Экономика, бизнес и занятость | C9: Rutube | D9: В процессе | E9: Официальная пресс-служба
A10: Корткеросский район | B10: Социальная сфера | C10: Другое | D10: Завершено / открыто | E10: Другое официальное
A11: Печора | B11: Образование | D11: Перенесено / приостановлено | E11: Неофициальный источник
A12: Прилузский район | B12: Здравоохранение | D12: Проблема / происшествие
A13: Сосногорск | B13: Происшествия и безопасность | D13: Результат
A14: Сыктывдинский район | B14: Экология
A15: Сыктывкар | B15: Обращения и проблемы жителей
A16: Сысольский район | B16: Культура, спорт и туризм
A17: Троицко-Печорский район | B17: Банки и финансовые сервисы
A18: Удорский район | B18: Другое
A19: Усинск
A20: Усть-Вымский район
A21: Усть-Куломский район
A22: Усть-Цилемский район
A23: Ухта
A24: Республика Коми

Sheet Контроль
A1: Контроль покрытия муниципалитетов — служебный лист
A2: Показатели рассчитываются автоматически по основному муниципалитету.
A3: Муниципалитет | B3: Всего источников | C3: Готовых источников | D3: Новостей за 30 дней | E3: Готовых новостей | F3: Нужно проверить | G3: Ошибки
A4: Воркута | B4: =COUNTIF(Источники!$C$6:$C$504,A4) -> 15 | C4: =COUNTIFS(Источники!$C$6:$C$504,A4,Источники!$M$6:$M$504,"Готово") -> 15 | D4: =COUNTIFS(#REF!,A4,#REF!,">="&TODAY()-30) -> #REF! | E4: =COUNTIFS(#REF!,A4,#REF!,"Готово") -> #REF! | F4: =COUNTIFS(#REF!,A4,#REF!,"Проверить*") -> #REF! | G4: =COUNTIFS(#REF!,A4,#REF!,"Ошибка*") -> #REF!
A5: Вуктыл | B5: =COUNTIF(Источники!$C$6:$C$504,A5) -> 3 | C5: =COUNTIFS(Источники!$C$6:$C$504,A5,Источники!$M$6:$M$504,"Готово") -> 3 | D5: =COUNTIFS(#REF!,A5,#REF!,">="&TODAY()-30) -> #REF! | E5: =COUNTIFS(#REF!,A5,#REF!,"Готово") -> #REF! | F5: =COUNTIFS(#REF!,A5,#REF!,"Проверить*") -> #REF! | G5: =COUNTIFS(#REF!,A5,#REF!,"Ошибка*") -> #REF!
A6: Ижемский район | B6: =COUNTIF(Источники!$C$6:$C$504,A6) -> 3 | C6: =COUNTIFS(Источники!$C$6:$C$504,A6,Источники!$M$6:$M$504,"Готово") -> 3 | D6: =COUNTIFS(#REF!,A6,#REF!,">="&TODAY()-30) -> #REF! | E6: =COUNTIFS(#REF!,A6,#REF!,"Готово") -> #REF! | F6: =COUNTIFS(#REF!,A6,#REF!,"Проверить*") -> #REF! | G6: =COUNTIFS(#REF!,A6,#REF!,"Ошибка*") -> #REF!
A7: Инта | B7: =COUNTIF(Источники!$C$6:$C$504,A7) -> 4 | C7: =COUNTIFS(Источники!$C$6:$C$504,A7,Источники!$M$6:$M$504,"Готово") -> 4 | D7: =COUNTIFS(#REF!,A7,#REF!,">="&TODAY()-30) -> #REF! | E7: =COUNTIFS(#REF!,A7,#REF!,"Готово") -> #REF! | F7: =COUNTIFS(#REF!,A7,#REF!,"Проверить*") -> #REF! | G7: =COUNTIFS(#REF!,A7,#REF!,"Ошибка*") -> #REF!
A8: Княжпогостский район | B8: =COUNTIF(Источники!$C$6:$C$504,A8) -> 3 | C8: =COUNTIFS(Источники!$C$6:$C$504,A8,Источники!$M$6:$M$504,"Готово") -> 3 | D8: =COUNTIFS(#REF!,A8,#REF!,">="&TODAY()-30) -> #REF! | E8: =COUNTIFS(#REF!,A8,#REF!,"Готово") -> #REF! | F8: =COUNTIFS(#REF!,A8,#REF!,"Проверить*") -> #REF! | G8: =COUNTIFS(#REF!,A8,#REF!,"Ошибка*") -> #REF!
A9: Койгородский район | B9: =COUNTIF(Источники!$C$6:$C$504,A9) -> 2 | C9: =COUNTIFS(Источники!$C$6:$C$504,A9,Источники!$M$6:$M$504,"Готово") -> 2 | D9: =COUNTIFS(#REF!,A9,#REF!,">="&TODAY()-30) -> #REF! | E9: =COUNTIFS(#REF!,A9,#REF!,"Готово") -> #REF! | F9: =COUNTIFS(#REF!,A9,#REF!,"Проверить*") -> #REF! | G9: =COUNTIFS(#REF!,A9,#REF!,"Ошибка*") -> #REF!
A10: Корткеросский район | B10: =COUNTIF(Источники!$C$6:$C$504,A10) -> 7 | C10: =COUNTIFS(Источники!$C$6:$C$504,A10,Источники!$M$6:$M$504,"Готово") -> 7 | D10: =COUNTIFS(#REF!,A10,#REF!,">="&TODAY()-30) -> #REF! | E10: =COUNTIFS(#REF!,A10,#REF!,"Готово") -> #REF! | F10: =COUNTIFS(#REF!,A10,#REF!,"Проверить*") -> #REF! | G10: =COUNTIFS(#REF!,A10,#REF!,"Ошибка*") -> #REF!
A11: Печора | B11: =COUNTIF(Источники!$C$6:$C$504,A11) -> 16 | C11: =COUNTIFS(Источники!$C$6:$C$504,A11,Источники!$M$6:$M$504,"Готово") -> 16 | D11: =COUNTIFS(#REF!,A11,#REF!,">="&TODAY()-30) -> #REF! | E11: =COUNTIFS(#REF!,A11,#REF!,"Готово") -> #REF! | F11: =COUNTIFS(#REF!,A11,#REF!,"Проверить*") -> #REF! | G11: =COUNTIFS(#REF!,A11,#REF!,"Ошибка*") -> #REF!
A12: Прилузский район | B12: =COUNTIF(Источники!$C$6:$C$504,A12) -> 3 | C12: =COUNTIFS(Источники!$C$6:$C$504,A12,Источники!$M$6:$M$504,"Готово") -> 2 | D12: =COUNTIFS(#REF!,A12,#REF!,">="&TODAY()-30) -> #REF! | E12: =COUNTIFS(#REF!,A12,#REF!,"Готово") -> #REF! | F12: =COUNTIFS(#REF!,A12,#REF!,"Проверить*") -> #REF! | G12: =COUNTIFS(#REF!,A12,#REF!,"Ошибка*") -> #REF!
A13: Сосногорск | B13: =COUNTIF(Источники!$C$6:$C$504,A13) -> 17 | C13: =COUNTIFS(Источники!$C$6:$C$504,A13,Источники!$M$6:$M$504,"Готово") -> 17 | D13: =COUNTIFS(#REF!,A13,#REF!,">="&TODAY()-30) -> #REF! | E13: =COUNTIFS(#REF!,A13,#REF!,"Готово") -> #REF! | F13: =COUNTIFS(#REF!,A13,#REF!,"Проверить*") -> #REF! | G13: =COUNTIFS(#REF!,A13,#REF!,"Ошибка*") -> #REF!
A14: Сыктывдинский район | B14: =COUNTIF(Источники!$C$6:$C$504,A14) -> 11 | C14: =COUNTIFS(Источники!$C$6:$C$504,A14,Источники!$M$6:$M$504,"Готово") -> 11 | D14: =COUNTIFS(#REF!,A14,#REF!,">="&TODAY()-30) -> #REF! | E14: =COUNTIFS(#REF!,A14,#REF!,"Готово") -> #REF! | F14: =COUNTIFS(#REF!,A14,#REF!,"Проверить*") -> #REF! | G14: =COUNTIFS(#REF!,A14,#REF!,"Ошибка*") -> #REF!
A15: Сыктывкар | B15: =COUNTIF(Источники!$C$6:$C$504,A15) -> 43 | C15: =COUNTIFS(Источники!$C$6:$C$504,A15,Источники!$M$6:$M$504,"Готово") -> 38 | D15: =COUNTIFS(#REF!,A15,#REF!,">="&TODAY()-30) -> #REF! | E15: =COUNTIFS(#REF!,A15,#REF!,"Готово") -> #REF! | F15: =COUNTIFS(#REF!,A15,#REF!,"Проверить*") -> #REF! | G15: =COUNTIFS(#REF!,A15,#REF!,"Ошибка*") -> #REF!
... A23: Ухта | B23: =COUNTIF(Источники!$C$6:$C$504,A23) -> 20 | C23: =COUNTIFS(Источники!$C$6:$C$504,A23,Источники!$M$6:$M$504,"Готово") -> 20 | D23: =COUNTIFS(#REF!,A23,#REF!,">="&TODAY()-30) -> #REF! | E23: =COUNTIFS(#REF!,A23,#REF!,"Готово") -> #REF! | F23: =COUNTIFS(#REF!,A23,#REF!,"Проверить*") -> #REF! | G23: =COUNTIFS(#REF!,A23,#REF!,"Ошибка*") -> #REF!
A25: Итого | B25: =SUM(B4:B23) -> 195 | C25: =SUM(C4:C23) -> 188 | D25: =SUM(D4:D23) -> #REF! | E25: =SUM(E4:E23) -> #REF! | F25: =SUM(F4:F23) -> #REF! | G25: =SUM(G4:G23) -> #REF!
